query,parameter_index,parameters,results,time_seconds
bi16b,1,"{""tagA"": ""Jeff_Kennett"", ""dateA"": ""2012-12-24"", ""tagB"": ""Ralph_Bakshi"", ""dateB"": ""2010-05-12"", ""maxKnowsLimit"": ""6""}",[],0.002225
bi16b,2,"{""tagA"": ""Big_Poppa"", ""dateA"": ""2012-12-29"", ""tagB"": ""East_Germany"", ""dateB"": ""2010-02-25"", ""maxKnowsLimit"": ""3""}",[],0.005210
bi16b,3,"{""tagA"": ""Gin_and_Juice"", ""dateA"": ""2012-12-21"", ""tagB"": ""Slovenia"", ""dateB"": ""2010-03-13"", ""maxKnowsLimit"": ""3""}",[],0.005531
bi16b,4,"{""tagA"": ""J.E._Heartbreak"", ""dateA"": ""2012-12-31"", ""tagB"": ""Right_on_the_Money"", ""dateB"": ""2011-10-04"", ""maxKnowsLimit"": ""6""}",[],0.001894
bi16b,5,"{""tagA"": ""No_Way_to_Say"", ""dateA"": ""2012-12-31"", ""tagB"": ""Apagorevmeno"", ""dateB"": ""2011-02-15"", ""maxKnowsLimit"": ""3""}",[],0.001306
bi16b,6,"{""tagA"": ""Imperial_Bedroom"", ""dateA"": ""2012-12-27"", ""tagB"": ""Back_for_the_Attack"", ""dateB"": ""2010-06-09"", ""maxKnowsLimit"": ""5""}",[],0.001300
bi16b,7,"{""tagA"": ""Party_in_the_U.S.A."", ""dateA"": ""2012-12-29"", ""tagB"": ""Right_on_the_Money"", ""dateB"": ""2011-10-04"", ""maxKnowsLimit"": ""4""}",[],0.001602
bi16b,8,"{""tagA"": ""All_by_Myself"", ""dateA"": ""2012-12-31"", ""tagB"": ""Slovenia"", ""dateB"": ""2010-03-13"", ""maxKnowsLimit"": ""5""}",[],0.004979
bi16b,9,"{""tagA"": ""Rani_Mukerji"", ""dateA"": ""2012-12-19"", ""tagB"": ""Catfights_and_Spotlights"", ""dateB"": ""2010-07-22"", ""maxKnowsLimit"": ""4""}",[],0.001999
bi16b,10,"{""tagA"": ""The_Best_of_David_Bowie_1969/1974"", ""dateA"": ""2012-12-25"", ""tagB"": ""Pieces_of_a_Man"", ""dateB"": ""2010-01-31"", ""maxKnowsLimit"": ""6""}",[],0.001429
bi16b,11,"{""tagA"": ""Ralph_Bakshi"", ""dateA"": ""2012-12-25"", ""tagB"": ""Something_to_Remember"", ""dateB"": ""2010-06-16"", ""maxKnowsLimit"": ""6""}",[],0.001249
bi16b,12,"{""tagA"": ""Aga_Khan_IV"", ""dateA"": ""2012-12-27"", ""tagB"": ""Seventh_Star"", ""dateB"": ""2010-02-24"", ""maxKnowsLimit"": ""4""}",[],0.001435
bi16b,13,"{""tagA"": ""Catfights_and_Spotlights"", ""dateA"": ""2012-12-28"", ""tagB"": ""Jacques_Chirac"", ""dateB"": ""2010-02-23"", ""maxKnowsLimit"": ""4""}",[],0.005869
bi16b,14,"{""tagA"": ""East_Germany"", ""dateA"": ""2012-12-03"", ""tagB"": ""Disco_Duck"", ""dateB"": ""2010-06-09"", ""maxKnowsLimit"": ""5""}",[],0.003382
bi16b,15,"{""tagA"": ""The_Heroin_Diaries_Soundtrack"", ""dateA"": ""2012-12-31"", ""tagB"": ""Sans_logique"", ""dateB"": ""2011-10-23"", ""maxKnowsLimit"": ""5""}",[],0.001717
bi16b,16,"{""tagA"": ""After_the_Heat"", ""dateA"": ""2012-12-29"", ""tagB"": ""Preflyte"", ""dateB"": ""2010-04-06"", ""maxKnowsLimit"": ""3""}",[],0.001484
bi16b,17,"{""tagA"": ""J.E._Heartbreak"", ""dateA"": ""2012-12-31"", ""tagB"": ""Republic_of_New_Granada"", ""dateB"": ""2010-03-13"", ""maxKnowsLimit"": ""5""}",[],0.001861
bi16b,18,"{""tagA"": ""Jerry_Lee_Lewis"", ""dateA"": ""2012-11-05"", ""tagB"": ""Lovesexy"", ""dateB"": ""2010-12-30"", ""maxKnowsLimit"": ""5""}",[],0.005204
bi16b,19,"{""tagA"": ""Jeff_Kennett"", ""dateA"": ""2012-12-24"", ""tagB"": ""Disco_Duck"", ""dateB"": ""2010-06-09"", ""maxKnowsLimit"": ""6""}",[],0.001647
bi16b,20,"{""tagA"": ""Aga_Khan_IV"", ""dateA"": ""2012-12-27"", ""tagB"": ""Something_in_Common"", ""dateB"": ""2010-02-25"", ""maxKnowsLimit"": ""5""}",[],0.001336
bi16b,21,"{""tagA"": ""J.E._Heartbreak"", ""dateA"": ""2012-12-31"", ""tagB"": ""William_Blake"", ""dateB"": ""2010-02-25"", ""maxKnowsLimit"": ""5""}",[],0.005668
bi16b,22,"{""tagA"": ""Black_Tie_White_Noise"", ""dateA"": ""2012-12-30"", ""tagB"": ""Arma-Goddamn-Motherfuckin-Geddon"", ""dateB"": ""2010-12-30"", ""maxKnowsLimit"": ""4""}",[],0.001922
bi16b,23,"{""tagA"": ""Transatlanticism"", ""dateA"": ""2012-12-27"", ""tagB"": ""Preflyte"", ""dateB"": ""2010-04-06"", ""maxKnowsLimit"": ""5""}",[],0.001309
bi16b,24,"{""tagA"": ""Catfights_and_Spotlights"", ""dateA"": ""2012-12-28"", ""tagB"": ""Going_to_a_Go-Go"", ""dateB"": ""2010-07-26"", ""maxKnowsLimit"": ""5""}",[],0.001197
bi16b,25,"{""tagA"": ""Meaty_Beaty_Big_and_Bouncy"", ""dateA"": ""2012-12-30"", ""tagB"": ""Rani_Mukerji"", ""dateB"": ""2011-08-12"", ""maxKnowsLimit"": ""4""}",[],0.001553
bi16b,26,"{""tagA"": ""Black_Tie_White_Noise"", ""dateA"": ""2012-12-30"", ""tagB"": ""Shepherd_Moons"", ""dateB"": ""2010-06-07"", ""maxKnowsLimit"": ""6""}",[],0.001389
bi16b,27,"{""tagA"": ""Locked_Out"", ""dateA"": ""2012-12-23"", ""tagB"": ""Bulgaria"", ""dateB"": ""2010-02-24"", ""maxKnowsLimit"": ""4""}",[],0.005330
bi16b,28,"{""tagA"": ""Locked_Out"", ""dateA"": ""2012-12-23"", ""tagB"": ""Thirteenth_Step"", ""dateB"": ""2010-10-12"", ""maxKnowsLimit"": ""6""}",[],0.001502
bi16b,29,"{""tagA"": ""J.E._Heartbreak"", ""dateA"": ""2012-12-31"", ""tagB"": ""Share_My_World"", ""dateB"": ""2010-07-24"", ""maxKnowsLimit"": ""6""}",[],0.001341
bi16b,30,"{""tagA"": ""Ooo_Baby_Baby"", ""dateA"": ""2012-12-25"", ""tagB"": ""Something_in_Common"", ""dateB"": ""2010-02-25"", ""maxKnowsLimit"": ""3""}",[],0.001260
bi16b,31,"{""tagA"": ""Party_in_the_U.S.A."", ""dateA"": ""2012-12-29"", ""tagB"": ""Aga_Khan_IV"", ""dateB"": ""2010-09-04"", ""maxKnowsLimit"": ""6""}",[],0.001598
bi16b,32,"{""tagA"": ""Furthermore:_From_the_Studio,_From_the_Stage"", ""dateA"": ""2012-01-30"", ""tagB"": ""Elvis_Presley"", ""dateB"": ""2010-02-27"", ""maxKnowsLimit"": ""3""}",[],0.008430
bi16b,33,"{""tagA"": ""Right_on_the_Money"", ""dateA"": ""2012-11-24"", ""tagB"": ""Rivers_of_Babylon"", ""dateB"": ""2010-05-03"", ""maxKnowsLimit"": ""3""}",[],0.002132
bi16b,34,"{""tagA"": ""Black_Tie_White_Noise"", ""dateA"": ""2012-12-30"", ""tagB"": ""Cosmic_Egg"", ""dateB"": ""2010-06-16"", ""maxKnowsLimit"": ""3""}",[],0.001358
bi16b,35,"{""tagA"": ""Rub_It_In"", ""dateA"": ""2012-11-18"", ""tagB"": ""Nightflight_to_Venus"", ""dateB"": ""2010-06-23"", ""maxKnowsLimit"": ""4""}",[],0.001323
bi16b,36,"{""tagA"": ""Gold_Cobra"", ""dateA"": ""2012-12-26"", ""tagB"": ""Ebeneezer_Goode"", ""dateB"": ""2010-04-30"", ""maxKnowsLimit"": ""4""}",[],0.001303
bi16b,37,"{""tagA"": ""Linda_Ronstadt"", ""dateA"": ""2012-11-28"", ""tagB"": ""Jacques_Chirac"", ""dateB"": ""2010-02-23"", ""maxKnowsLimit"": ""6""}",[],0.007640
bi16b,38,"{""tagA"": ""J.E._Heartbreak"", ""dateA"": ""2012-12-31"", ""tagB"": ""Rub_It_In"", ""dateB"": ""2012-01-30"", ""maxKnowsLimit"": ""3""}",[],0.001471
bi16b,39,"{""tagA"": ""Something_to_Remember"", ""dateA"": ""2012-12-31"", ""tagB"": ""Bulgaria"", ""dateB"": ""2010-02-24"", ""maxKnowsLimit"": ""4""}",[],0.004754
bi16b,40,"{""tagA"": ""Apagorevmeno"", ""dateA"": ""2012-12-31"", ""tagB"": ""Elvis_Presley"", ""dateB"": ""2010-02-27"", ""maxKnowsLimit"": ""3""}",[],0.006086
bi16b,41,"{""tagA"": ""Rub_It_In"", ""dateA"": ""2012-11-18"", ""tagB"": ""Voices_in_the_Wilderness"", ""dateB"": ""2011-11-29"", ""maxKnowsLimit"": ""3""}",[],0.001533
bi16b,42,"{""tagA"": ""Shepherd_Moons"", ""dateA"": ""2012-12-29"", ""tagB"": ""East_Germany"", ""dateB"": ""2010-02-25"", ""maxKnowsLimit"": ""3""}",[],0.004131
bi16b,43,"{""tagA"": ""MantaRay"", ""dateA"": ""2012-12-29"", ""tagB"": ""Jerry_Lee_Lewis"", ""dateB"": ""2010-01-19"", ""maxKnowsLimit"": ""6""}",[],0.004473
bi16b,44,"{""tagA"": ""Meaty_Beaty_Big_and_Bouncy"", ""dateA"": ""2012-12-30"", ""tagB"": ""Jerry_Lee_Lewis"", ""dateB"": ""2010-01-19"", ""maxKnowsLimit"": ""3""}",[],0.003696
bi16b,45,"{""tagA"": ""Sikh_Empire"", ""dateA"": ""2012-12-14"", ""tagB"": ""Untitled_Korn_album"", ""dateB"": ""2010-07-16"", ""maxKnowsLimit"": ""5""}",[],0.002179
bi16b,46,"{""tagA"": ""Here_Comes_the_Rain_Again"", ""dateA"": ""2012-12-30"", ""tagB"": ""Wasting_Light"", ""dateB"": ""2010-05-26"", ""maxKnowsLimit"": ""6""}",[],0.001657
bi16b,47,"{""tagA"": ""Gin_and_Juice"", ""dateA"": ""2012-12-21"", ""tagB"": ""Pieces_of_a_Man"", ""dateB"": ""2010-01-31"", ""maxKnowsLimit"": ""6""}",[],0.001198
bi16b,48,"{""tagA"": ""WOW_Hits_2008"", ""dateA"": ""2012-12-31"", ""tagB"": ""Ramakrishna"", ""dateB"": ""2012-10-25"", ""maxKnowsLimit"": ""4""}",[],0.001187
bi16b,49,"{""tagA"": ""Relationship_of_Command"", ""dateA"": ""2012-12-28"", ""tagB"": ""From_Yesterday"", ""dateB"": ""2010-07-06"", ""maxKnowsLimit"": ""5""}",[],0.001263
bi16b,50,"{""tagA"": ""Ramakrishna"", ""dateA"": ""2012-12-22"", ""tagB"": ""Party_in_the_U.S.A."", ""dateB"": ""2010-04-06"", ""maxKnowsLimit"": ""4""}",[],0.001400
bi16b,51,"{""tagA"": ""Space_Ritual"", ""dateA"": ""2012-12-29"", ""tagB"": ""East_Germany"", ""dateB"": ""2010-02-25"", ""maxKnowsLimit"": ""3""}",[],0.004152
bi16b,52,"{""tagA"": ""Aga_Khan_IV"", ""dateA"": ""2012-12-27"", ""tagB"": ""Party_in_the_U.S.A."", ""dateB"": ""2010-04-06"", ""maxKnowsLimit"": ""5""}",[],0.001574
bi16b,53,"{""tagA"": ""No_Way_to_Say"", ""dateA"": ""2012-12-31"", ""tagB"": ""Gin_and_Juice"", ""dateB"": ""2010-10-08"", ""maxKnowsLimit"": ""6""}",[],41.406666
bi16b,54,"{""tagA"": ""Darfur"", ""dateA"": ""2012-12-03"", ""tagB"": ""Bright_Lights_Bigger_City"", ""dateB"": ""2010-05-27"", ""maxKnowsLimit"": ""4""}",[],0.005960
bi16b,55,"{""tagA"": ""Transatlanticism"", ""dateA"": ""2012-12-27"", ""tagB"": ""Shepherd_Moons"", ""dateB"": ""2010-06-07"", ""maxKnowsLimit"": ""3""}",[],0.001844
bi16b,56,"{""tagA"": ""World_of_Our_Own"", ""dateA"": ""2012-12-27"", ""tagB"": ""The_Thin_Ice"", ""dateB"": ""2010-10-13"", ""maxKnowsLimit"": ""3""}",[],0.001514
bi16b,57,"{""tagA"": ""Moving_Violation"", ""dateA"": ""2012-12-26"", ""tagB"": ""Beyond_My_Control"", ""dateB"": ""2011-04-14"", ""maxKnowsLimit"": ""4""}",[],0.001324
bi16b,58,"{""tagA"": ""Rub_It_In"", ""dateA"": ""2012-11-18"", ""tagB"": ""Moving_Violation"", ""dateB"": ""2010-11-23"", ""maxKnowsLimit"": ""5""}",[],0.001372
bi16b,59,"{""tagA"": ""Slovenia"", ""dateA"": ""2012-09-23"", ""tagB"": ""Brand_New_Cadillac"", ""dateB"": ""2011-02-16"", ""maxKnowsLimit"": ""5""}",[],0.005320
bi16b,60,"{""tagA"": ""Republic_of_New_Granada"", ""dateA"": ""2012-12-25"", ""tagB"": ""Rani_Mukerji"", ""dateB"": ""2011-08-12"", ""maxKnowsLimit"": ""3""}",[],0.001967
bi16b,61,"{""tagA"": ""Shepherd_Moons"", ""dateA"": ""2012-12-29"", ""tagB"": ""Going_to_a_Go-Go"", ""dateB"": ""2010-07-26"", ""maxKnowsLimit"": ""6""}",[],0.001226
bi16b,62,"{""tagA"": ""Skin_and_Bones"", ""dateA"": ""2012-12-29"", ""tagB"": ""Lee_Hyung-taik"", ""dateB"": ""2011-02-09"", ""maxKnowsLimit"": ""3""}",[],0.001696
bi16b,63,"{""tagA"": ""God_in_Me"", ""dateA"": ""2012-12-22"", ""tagB"": ""Skin_and_Bones"", ""dateB"": ""2010-09-15"", ""maxKnowsLimit"": ""6""}",[],0.001136
bi16b,64,"{""tagA"": ""The_Thin_Ice"", ""dateA"": ""2012-12-31"", ""tagB"": ""Hallo_Spaceboy"", ""dateB"": ""2010-03-13"", ""maxKnowsLimit"": ""5""}",[],0.001384
bi16b,65,"{""tagA"": ""I_Can_Hear_Music"", ""dateA"": ""2012-12-28"", ""tagB"": ""Northern_Lights_–_Southern_Cross"", ""dateB"": ""2010-06-16"", ""maxKnowsLimit"": ""5""}",[],0.001320
bi16b,66,"{""tagA"": ""Stay_Too_Long"", ""dateA"": ""2012-12-31"", ""tagB"": ""Cosmic_Egg"", ""dateB"": ""2010-06-16"", ""maxKnowsLimit"": ""4""}",[],0.001626
bi16b,67,"{""tagA"": ""Voices_in_the_Wilderness"", ""dateA"": ""2012-12-26"", ""tagB"": ""The_Best_of_David_Bowie_1969/1974"", ""dateB"": ""2010-10-12"", ""maxKnowsLimit"": ""5""}",[],0.001254
bi16b,68,"{""tagA"": ""Get_Down_and_Get_With_It"", ""dateA"": ""2012-12-28"", ""tagB"": ""Preflyte"", ""dateB"": ""2010-04-06"", ""maxKnowsLimit"": ""6""}",[],0.001451
bi16b,69,"{""tagA"": ""Hot_n_Cold"", ""dateA"": ""2012-12-25"", ""tagB"": ""Get_Down_and_Get_With_It"", ""dateB"": ""2011-09-27"", ""maxKnowsLimit"": ""5""}",[],0.001852
bi16b,70,"{""tagA"": ""Here_Comes_the_Rain_Again"", ""dateA"": ""2012-12-30"", ""tagB"": ""Brand_New_Cadillac"", ""dateB"": ""2011-02-16"", ""maxKnowsLimit"": ""3""}",[],0.001232
bi16b,71,"{""tagA"": ""Beyond_My_Control"", ""dateA"": ""2012-12-31"", ""tagB"": ""A.D.I.D.A.S."", ""dateB"": ""2010-09-10"", ""maxKnowsLimit"": ""6""}",[],0.001179
bi16b,72,"{""tagA"": ""Lovesexy"", ""dateA"": ""2012-12-25"", ""tagB"": ""William_Blake"", ""dateB"": ""2010-02-25"", ""maxKnowsLimit"": ""3""}",[],0.004605
bi16b,73,"{""tagA"": ""Rivers_of_Babylon"", ""dateA"": ""2012-12-26"", ""tagB"": ""Slovenia"", ""dateB"": ""2010-03-13"", ""maxKnowsLimit"": ""4""}",[],0.004730
bi16b,74,"{""tagA"": ""God_in_Me"", ""dateA"": ""2012-12-22"", ""tagB"": ""Right_on_the_Money"", ""dateB"": ""2011-10-04"", ""maxKnowsLimit"": ""5""}",[],0.001300
bi16b,75,"{""tagA"": ""MantaRay"", ""dateA"": ""2012-12-29"", ""tagB"": ""Darfur"", ""dateB"": ""2010-02-26"", ""maxKnowsLimit"": ""4""}",[],0.003492
bi16b,76,"{""tagA"": ""Right_on_the_Money"", ""dateA"": ""2012-11-24"", ""tagB"": ""Voices_in_the_Wilderness"", ""dateB"": ""2011-11-29"", ""maxKnowsLimit"": ""5""}",[],0.001501
bi16b,77,"{""tagA"": ""Nikita_Khrushchev"", ""dateA"": ""2012-11-17"", ""tagB"": ""World_of_Our_Own"", ""dateB"": ""2010-10-11"", ""maxKnowsLimit"": ""5""}",[],0.005717
bi16b,78,"{""tagA"": ""Hallo_Spaceboy"", ""dateA"": ""2012-12-31"", ""tagB"": ""Transatlanticism"", ""dateB"": ""2011-02-16"", ""maxKnowsLimit"": ""4""}",[],0.001511
bi16b,79,"{""tagA"": ""WOW_Hits_2008"", ""dateA"": ""2012-12-31"", ""tagB"": ""After_the_Heat"", ""dateB"": ""2010-10-01"", ""maxKnowsLimit"": ""3""}",[],0.001218
bi16b,80,"{""tagA"": ""Rivers_of_Babylon"", ""dateA"": ""2012-12-26"", ""tagB"": ""Furthermore:_From_the_Studio,_From_the_Stage"", ""dateB"": ""2012-01-30"", ""maxKnowsLimit"": ""6""}",[],0.001373
bi16b,81,"{""tagA"": ""Brand_New_Cadillac"", ""dateA"": ""2012-12-31"", ""tagB"": ""Glee:_The_Music,_Volume_6"", ""dateB"": ""2011-11-07"", ""maxKnowsLimit"": ""4""}",[],0.001660
bi16b,82,"{""tagA"": ""God_in_Me"", ""dateA"": ""2012-12-22"", ""tagB"": ""Seventh_Star"", ""dateB"": ""2010-02-24"", ""maxKnowsLimit"": ""3""}",[],0.001686
bi16b,83,"{""tagA"": ""The_Heroin_Diaries_Soundtrack"", ""dateA"": ""2012-12-31"", ""tagB"": ""World_of_Our_Own"", ""dateB"": ""2010-10-11"", ""maxKnowsLimit"": ""5""}",[],0.001322
bi16b,84,"{""tagA"": ""Darfur"", ""dateA"": ""2012-12-03"", ""tagB"": ""Northern_Lights_–_Southern_Cross"", ""dateB"": ""2010-06-16"", ""maxKnowsLimit"": ""4""}",[],0.002458
bi16b,85,"{""tagA"": ""Untitled_Korn_album"", ""dateA"": ""2012-12-23"", ""tagB"": ""Get_Down_and_Get_With_It"", ""dateB"": ""2011-09-27"", ""maxKnowsLimit"": ""3""}",[],0.001254
bi16b,86,"{""tagA"": ""Dry_Kids:_B-Sides_1997–2005"", ""dateA"": ""2012-12-03"", ""tagB"": ""No_Way_to_Say"", ""dateB"": ""2010-12-30"", ""maxKnowsLimit"": ""5""}",[],0.001134
bi16b,87,"{""tagA"": ""Brand_New_Cadillac"", ""dateA"": ""2012-12-31"", ""tagB"": ""Gin_and_Juice"", ""dateB"": ""2010-10-08"", ""maxKnowsLimit"": ""6""}",[],0.001281
bi16b,88,"{""tagA"": ""Jeff_Kennett"", ""dateA"": ""2012-12-24"", ""tagB"": ""Bulgaria"", ""dateB"": ""2010-02-24"", ""maxKnowsLimit"": ""5""}",[],0.004771
bi16b,89,"{""tagA"": ""Back_for_the_Attack"", ""dateA"": ""2012-12-31"", ""tagB"": ""Dry_Kids:_B-Sides_1997–2005"", ""dateB"": ""2012-12-03"", ""maxKnowsLimit"": ""3""}",[],0.001214
bi16b,90,"{""tagA"": ""Darfur"", ""dateA"": ""2012-12-03"", ""tagB"": ""Locked_Out"", ""dateB"": ""2011-01-24"", ""maxKnowsLimit"": ""5""}",[],0.002227
bi16b,91,"{""tagA"": ""Broken_Heels"", ""dateA"": ""2012-12-31"", ""tagB"": ""The_Best_of_David_Bowie_1969/1974"", ""dateB"": ""2010-10-12"", ""maxKnowsLimit"": ""6""}",[],0.001301
bi16b,92,"{""tagA"": ""Linda_Ronstadt"", ""dateA"": ""2012-11-28"", ""tagB"": ""J.E._Heartbreak"", ""dateB"": ""2010-10-05"", ""maxKnowsLimit"": ""6""}",[],0.003381
bi16b,93,"{""tagA"": ""Italo_Calvino"", ""dateA"": ""2012-12-19"", ""tagB"": ""Going_to_a_Go-Go"", ""dateB"": ""2010-07-26"", ""maxKnowsLimit"": ""4""}",[],0.001465
bi16b,94,"{""tagA"": ""Moving_Violation"", ""dateA"": ""2012-12-26"", ""tagB"": ""Imperial_Bedroom"", ""dateB"": ""2010-06-15"", ""maxKnowsLimit"": ""6""}",[],0.001362
bi16b,95,"{""tagA"": ""Preflyte"", ""dateA"": ""2012-12-28"", ""tagB"": ""Italo_Calvino"", ""dateB"": ""2011-02-18"", ""maxKnowsLimit"": ""3""}",[],0.001495
bi16b,96,"{""tagA"": ""The_Thin_Ice"", ""dateA"": ""2012-12-31"", ""tagB"": ""Cosmic_Egg"", ""dateB"": ""2010-06-16"", ""maxKnowsLimit"": ""4""}",[],0.001149
bi16b,97,"{""tagA"": ""Voices_in_the_Wilderness"", ""dateA"": ""2012-12-26"", ""tagB"": ""J.E._Heartbreak"", ""dateB"": ""2010-10-05"", ""maxKnowsLimit"": ""6""}",[],0.001084
bi16b,98,"{""tagA"": ""Voices_in_the_Wilderness"", ""dateA"": ""2012-12-26"", ""tagB"": ""After_the_Heat"", ""dateB"": ""2010-10-01"", ""maxKnowsLimit"": ""6""}",[],0.001077
bi16b,99,"{""tagA"": ""World_of_Our_Own"", ""dateA"": ""2012-12-27"", ""tagB"": ""No_Way_to_Say"", ""dateB"": ""2010-12-30"", ""maxKnowsLimit"": ""5""}",[],0.001292
bi16b,100,"{""tagA"": ""Meaty_Beaty_Big_and_Bouncy"", ""dateA"": ""2012-12-30"", ""tagB"": ""Get_Down_and_Get_With_It"", ""dateB"": ""2011-09-27"", ""maxKnowsLimit"": ""6""}",[],0.001249
bi16b,101,"{""tagA"": ""Hallo_Spaceboy"", ""dateA"": ""2012-12-31"", ""tagB"": ""Locked_Out"", ""dateB"": ""2011-01-24"", ""maxKnowsLimit"": ""5""}",[],0.001213
bi16b,102,"{""tagA"": ""John_VI_of_Portugal"", ""dateA"": ""2012-12-21"", ""tagB"": ""Party_in_the_U.S.A."", ""dateB"": ""2010-04-06"", ""maxKnowsLimit"": ""3""}",[],0.001619
bi16b,103,"{""tagA"": ""Lee_Hyung-taik"", ""dateA"": ""2012-12-25"", ""tagB"": ""Lovesexy"", ""dateB"": ""2010-12-30"", ""maxKnowsLimit"": ""3""}",[],59.914582
bi16b,104,"{""tagA"": ""Moving_Violation"", ""dateA"": ""2012-12-26"", ""tagB"": ""Thirteenth_Step"", ""dateB"": ""2010-10-12"", ""maxKnowsLimit"": ""5""}",[],0.002419
bi16b,105,"{""tagA"": ""Transatlanticism"", ""dateA"": ""2012-12-27"", ""tagB"": ""Ebeneezer_Goode"", ""dateB"": ""2010-04-30"", ""maxKnowsLimit"": ""5""}",[],0.001485
bi16b,106,"{""tagA"": ""A.D.I.D.A.S."", ""dateA"": ""2012-12-31"", ""tagB"": ""Republic_of_New_Granada"", ""dateB"": ""2010-03-13"", ""maxKnowsLimit"": ""5""}",[],0.001857
bi16b,107,"{""tagA"": ""J.E._Heartbreak"", ""dateA"": ""2012-12-31"", ""tagB"": ""Something_to_Remember"", ""dateB"": ""2010-06-16"", ""maxKnowsLimit"": ""4""}",[],0.001287
bi16b,108,"{""tagA"": ""All_by_Myself"", ""dateA"": ""2012-12-31"", ""tagB"": ""J.E._Heartbreak"", ""dateB"": ""2010-10-05"", ""maxKnowsLimit"": ""3""}",[],0.001541
bi16b,109,"{""tagA"": ""Voices_in_the_Wilderness"", ""dateA"": ""2012-12-26"", ""tagB"": ""Ralph_Bakshi"", ""dateB"": ""2010-05-12"", ""maxKnowsLimit"": ""4""}",[],0.001408
bi16b,110,"{""tagA"": ""Get_Down_and_Get_With_It"", ""dateA"": ""2012-12-28"", ""tagB"": ""Brand_New_Cadillac"", ""dateB"": ""2011-02-16"", ""maxKnowsLimit"": ""5""}",[],0.001315
bi16b,111,"{""tagA"": ""Dancing_Undercover"", ""dateA"": ""2012-12-30"", ""tagB"": ""Back_for_the_Attack"", ""dateB"": ""2010-06-09"", ""maxKnowsLimit"": ""4""}",[],0.001237
bi16b,112,"{""tagA"": ""Javier_Frana"", ""dateA"": ""2012-12-27"", ""tagB"": ""William_Blake"", ""dateB"": ""2010-02-25"", ""maxKnowsLimit"": ""5""}",[],0.005638
bi16b,113,"{""tagA"": ""Hallo_Spaceboy"", ""dateA"": ""2012-12-31"", ""tagB"": ""Italo_Calvino"", ""dateB"": ""2011-02-18"", ""maxKnowsLimit"": ""6""}",[],0.002264
bi16b,114,"{""tagA"": ""Locked_Out"", ""dateA"": ""2012-12-23"", ""tagB"": ""Javier_Frana"", ""dateB"": ""2011-03-10"", ""maxKnowsLimit"": ""6""}",[],0.001521
bi16b,115,"{""tagA"": ""Rule/Sparkle"", ""dateA"": ""2012-12-29"", ""tagB"": ""Stay_Too_Long"", ""dateB"": ""2012-01-03"", ""maxKnowsLimit"": ""6""}",[],0.001224
bi16b,116,"{""tagA"": ""Party_in_the_U.S.A."", ""dateA"": ""2012-12-29"", ""tagB"": ""Jack_Kerouac"", ""dateB"": ""2010-02-24"", ""maxKnowsLimit"": ""6""}",[],0.006223
bi16b,117,"{""tagA"": ""Relationship_of_Command"", ""dateA"": ""2012-12-28"", ""tagB"": ""Gin_and_Juice"", ""dateB"": ""2010-10-08"", ""maxKnowsLimit"": ""3""}",[],0.001718
bi16b,118,"{""tagA"": ""Javier_Frana"", ""dateA"": ""2012-12-27"", ""tagB"": ""Peter_of_Castile"", ""dateB"": ""2012-07-09"", ""maxKnowsLimit"": ""4""}",[],0.002648
bi16b,119,"{""tagA"": ""Bulgaria"", ""dateA"": ""2012-10-27"", ""tagB"": ""Darfur"", ""dateB"": ""2010-02-26"", ""maxKnowsLimit"": ""5""}",[],0.007144
bi16b,120,"{""tagA"": ""Moving_Violation"", ""dateA"": ""2012-12-26"", ""tagB"": ""Something_to_Remember"", ""dateB"": ""2010-06-16"", ""maxKnowsLimit"": ""3""}",[],0.001572
bi16b,121,"{""tagA"": ""A.D.I.D.A.S."", ""dateA"": ""2012-12-31"", ""tagB"": ""Bob_Geldof"", ""dateB"": ""2010-12-23"", ""maxKnowsLimit"": ""6""}",[],0.002180
bi16b,122,"{""tagA"": ""Beatles_for_Sale"", ""dateA"": ""2012-12-30"", ""tagB"": ""Imperial_Bedroom"", ""dateB"": ""2010-06-15"", ""maxKnowsLimit"": ""6""}",[],0.001694
bi16b,123,"{""tagA"": ""Bulgaria"", ""dateA"": ""2012-10-27"", ""tagB"": ""Transatlanticism"", ""dateB"": ""2011-02-16"", ""maxKnowsLimit"": ""3""}",[],0.005830
bi16b,124,"{""tagA"": ""From_Yesterday"", ""dateA"": ""2012-12-27"", ""tagB"": ""Peter_of_Castile"", ""dateB"": ""2012-07-09"", ""maxKnowsLimit"": ""4""}",[],0.001591
bi16b,125,"{""tagA"": ""Black_Tie_White_Noise"", ""dateA"": ""2012-12-30"", ""tagB"": ""Relationship_of_Command"", ""dateB"": ""2010-04-29"", ""maxKnowsLimit"": ""3""}",[],0.001317
bi16b,126,"{""tagA"": ""Ralph_Bakshi"", ""dateA"": ""2012-12-25"", ""tagB"": ""Javier_Frana"", ""dateB"": ""2011-03-10"", ""maxKnowsLimit"": ""4""}",[],0.001154
bi16b,127,"{""tagA"": ""Something_in_Common"", ""dateA"": ""2012-12-31"", ""tagB"": ""Darfur"", ""dateB"": ""2010-02-26"", ""maxKnowsLimit"": ""6""}",[],0.003165
bi16b,128,"{""tagA"": ""Darfur"", ""dateA"": ""2012-12-03"", ""tagB"": ""Jerry_Lee_Lewis"", ""dateB"": ""2010-01-19"", ""maxKnowsLimit"": ""4""}",[],0.005947
bi16b,129,"{""tagA"": ""Fitzgerald_and_Pass..._Again"", ""dateA"": ""2012-12-31"", ""tagB"": ""From_Yesterday"", ""dateB"": ""2010-07-06"", ""maxKnowsLimit"": ""4""}",[],0.001724
bi16b,130,"{""tagA"": ""William_Blake"", ""dateA"": ""2012-10-30"", ""tagB"": ""Nightflight_to_Venus"", ""dateB"": ""2010-06-23"", ""maxKnowsLimit"": ""5""}",[],0.005071
bi16b,131,"{""tagA"": ""Cosmic_Egg"", ""dateA"": ""2012-12-26"", ""tagB"": ""Thirteenth_Step"", ""dateB"": ""2010-10-12"", ""maxKnowsLimit"": ""5""}",[],0.001605
bi16b,132,"{""tagA"": ""Beatles_for_Sale"", ""dateA"": ""2012-12-30"", ""tagB"": ""Preflyte"", ""dateB"": ""2010-04-06"", ""maxKnowsLimit"": ""4""}",[],0.002227
bi16b,133,"{""tagA"": ""Right_on_the_Money"", ""dateA"": ""2012-11-24"", ""tagB"": ""Hallo_Spaceboy"", ""dateB"": ""2010-03-13"", ""maxKnowsLimit"": ""4""}",[],0.001638
bi16b,134,"{""tagA"": ""Under_a_Violet_Moon"", ""dateA"": ""2012-12-30"", ""tagB"": ""Stay_Too_Long"", ""dateB"": ""2012-01-03"", ""maxKnowsLimit"": ""3""}",[],0.001429
bi16b,135,"{""tagA"": ""Lovesexy"", ""dateA"": ""2012-12-25"", ""tagB"": ""Transatlanticism"", ""dateB"": ""2011-02-16"", ""maxKnowsLimit"": ""6""}",[],0.001619
bi16b,136,"{""tagA"": ""Cosmic_Egg"", ""dateA"": ""2012-12-26"", ""tagB"": ""Locked_Out"", ""dateB"": ""2011-01-24"", ""maxKnowsLimit"": ""4""}",[],0.001290
bi16b,137,"{""tagA"": ""Something_to_Remember"", ""dateA"": ""2012-12-31"", ""tagB"": ""You_Took_the_Words_Right_Out_of_My_Mouth"", ""dateB"": ""2010-06-03"", ""maxKnowsLimit"": ""3""}",[],0.001672
bi16b,138,"{""tagA"": ""East_Germany"", ""dateA"": ""2012-12-03"", ""tagB"": ""Jerry_Lee_Lewis"", ""dateB"": ""2010-01-19"", ""maxKnowsLimit"": ""4""}",[],0.007041
bi16b,139,"{""tagA"": ""Big_Poppa"", ""dateA"": ""2012-12-29"", ""tagB"": ""Apagorevmeno"", ""dateB"": ""2011-02-15"", ""maxKnowsLimit"": ""5""}",[],0.001632
bi16b,140,"{""tagA"": ""The_Heroin_Diaries_Soundtrack"", ""dateA"": ""2012-12-31"", ""tagB"": ""Ramakrishna"", ""dateB"": ""2012-10-25"", ""maxKnowsLimit"": ""4""}",[],0.001217
bi16b,141,"{""tagA"": ""Elvis_Presley"", ""dateA"": ""2012-10-19"", ""tagB"": ""Black_Tie_White_Noise"", ""dateB"": ""2010-09-15"", ""maxKnowsLimit"": ""6""}",[],0.007797
bi16b,142,"{""tagA"": ""William_Blake"", ""dateA"": ""2012-10-30"", ""tagB"": ""Meaty_Beaty_Big_and_Bouncy"", ""dateB"": ""2010-10-31"", ""maxKnowsLimit"": ""3""}",[],0.005868
bi16b,143,"{""tagA"": ""I_Can_Hear_Music"", ""dateA"": ""2012-12-28"", ""tagB"": ""Disco_Duck"", ""dateB"": ""2010-06-09"", ""maxKnowsLimit"": ""6""}",[],0.001757
bi16b,144,"{""tagA"": ""The_Best_of_David_Bowie_1969/1974"", ""dateA"": ""2012-12-25"", ""tagB"": ""Rani_Mukerji"", ""dateB"": ""2011-08-12"", ""maxKnowsLimit"": ""3""}",[],0.001852
bi16b,145,"{""tagA"": ""J.E._Heartbreak"", ""dateA"": ""2012-12-31"", ""tagB"": ""Stay_Too_Long"", ""dateB"": ""2012-01-03"", ""maxKnowsLimit"": ""4""}",[],0.001258
bi16b,146,"{""tagA"": ""Houses_of_the_Holy"", ""dateA"": ""2012-12-27"", ""tagB"": ""Stay_Too_Long"", ""dateB"": ""2012-01-03"", ""maxKnowsLimit"": ""4""}",[],0.001511
bi16b,147,"{""tagA"": ""Peter_of_Castile"", ""dateA"": ""2012-10-08"", ""tagB"": ""Stay_Too_Long"", ""dateB"": ""2012-01-03"", ""maxKnowsLimit"": ""4""}",[],0.001363
bi16b,148,"{""tagA"": ""Stay_Too_Long"", ""dateA"": ""2012-12-31"", ""tagB"": ""Wasting_Light"", ""dateB"": ""2010-05-26"", ""maxKnowsLimit"": ""3""}",[],0.001471
bi16b,149,"{""tagA"": ""Apagorevmeno"", ""dateA"": ""2012-12-31"", ""tagB"": ""God_in_Me"", ""dateB"": ""2010-07-23"", ""maxKnowsLimit"": ""5""}",[],0.001291
bi16b,150,"{""tagA"": ""Bulgaria"", ""dateA"": ""2012-10-27"", ""tagB"": ""Right_on_the_Money"", ""dateB"": ""2011-10-04"", ""maxKnowsLimit"": ""5""}",[],0.005396
bi16b,151,"{""tagA"": ""Furthermore:_From_the_Studio,_From_the_Stage"", ""dateA"": ""2012-01-30"", ""tagB"": ""Seventh_Star"", ""dateB"": ""2010-02-24"", ""maxKnowsLimit"": ""4""}",[],0.001498
bi16b,152,"{""tagA"": ""Beyond_My_Control"", ""dateA"": ""2012-12-31"", ""tagB"": ""Jeff_Kennett"", ""dateB"": ""2010-11-24"", ""maxKnowsLimit"": ""5""}",[],59.840726
bi16b,153,"{""tagA"": ""Jerry_Lee_Lewis"", ""dateA"": ""2012-11-05"", ""tagB"": ""World_of_Our_Own"", ""dateB"": ""2010-10-11"", ""maxKnowsLimit"": ""5""}",[],0.005885
bi16b,154,"{""tagA"": ""Northern_Lights_–_Southern_Cross"", ""dateA"": ""2012-12-25"", ""tagB"": ""Dry_Kids:_B-Sides_1997–2005"", ""dateB"": ""2012-12-03"", ""maxKnowsLimit"": ""5""}",[],0.001656
bi16b,155,"{""tagA"": ""Under_a_Violet_Moon"", ""dateA"": ""2012-12-30"", ""tagB"": ""Italo_Calvino"", ""dateB"": ""2011-02-18"", ""maxKnowsLimit"": ""5""}",[],0.001424
bi16b,156,"{""tagA"": ""Dancing_Undercover"", ""dateA"": ""2012-12-30"", ""tagB"": ""Aga_Khan_IV"", ""dateB"": ""2010-09-04"", ""maxKnowsLimit"": ""3""}",[],0.001340
bi16b,157,"{""tagA"": ""Rule/Sparkle"", ""dateA"": ""2012-12-29"", ""tagB"": ""Nightflight_to_Venus"", ""dateB"": ""2010-06-23"", ""maxKnowsLimit"": ""5""}",[],0.001011
bi16b,158,"{""tagA"": ""Jerry_Lee_Lewis"", ""dateA"": ""2012-11-05"", ""tagB"": ""Rivers_of_Babylon"", ""dateB"": ""2010-05-03"", ""maxKnowsLimit"": ""4""}",[],0.004956
bi16b,159,"{""tagA"": ""God_in_Me"", ""dateA"": ""2012-12-22"", ""tagB"": ""Imperial_Bedroom"", ""dateB"": ""2010-06-15"", ""maxKnowsLimit"": ""6""}",[],0.001567
bi16b,160,"{""tagA"": ""Republic_of_New_Granada"", ""dateA"": ""2012-12-25"", ""tagB"": ""East_Germany"", ""dateB"": ""2010-02-25"", ""maxKnowsLimit"": ""3""}",[],0.004223
bi16b,161,"{""tagA"": ""You_Took_the_Words_Right_Out_of_My_Mouth"", ""dateA"": ""2012-12-30"", ""tagB"": ""Slovenia"", ""dateB"": ""2010-03-13"", ""maxKnowsLimit"": ""4""}",[],0.004553
bi16b,162,"{""tagA"": ""Rani_Mukerji"", ""dateA"": ""2012-12-19"", ""tagB"": ""Bob_Geldof"", ""dateB"": ""2010-12-23"", ""maxKnowsLimit"": ""6""}",[],0.002148
bi16b,163,"{""tagA"": ""Fitzgerald_and_Pass..._Again"", ""dateA"": ""2012-12-31"", ""tagB"": ""Apagorevmeno"", ""dateB"": ""2011-02-15"", ""maxKnowsLimit"": ""3""}",[],0.001113
bi16b,164,"{""tagA"": ""Rule/Sparkle"", ""dateA"": ""2012-12-29"", ""tagB"": ""Catfights_and_Spotlights"", ""dateB"": ""2010-07-22"", ""maxKnowsLimit"": ""6""}",[],0.001084
bi16b,165,"{""tagA"": ""Lovesexy"", ""dateA"": ""2012-12-25"", ""tagB"": ""Share_My_World"", ""dateB"": ""2010-07-24"", ""maxKnowsLimit"": ""4""}",[],0.001387
bi16b,166,"{""tagA"": ""After_the_Heat"", ""dateA"": ""2012-12-29"", ""tagB"": ""Bob_Geldof"", ""dateB"": ""2010-12-23"", ""maxKnowsLimit"": ""4""}",[],0.002185
bi16b,167,"{""tagA"": ""Moving_Violation"", ""dateA"": ""2012-12-26"", ""tagB"": ""Hallo_Spaceboy"", ""dateB"": ""2010-03-13"", ""maxKnowsLimit"": ""4""}",[],0.001626
bi16b,168,"{""tagA"": ""Disco_Duck"", ""dateA"": ""2012-12-31"", ""tagB"": ""Gin_and_Juice"", ""dateB"": ""2010-10-08"", ""maxKnowsLimit"": ""6""}",[],0.001498
bi16b,169,"{""tagA"": ""Lee_Hyung-taik"", ""dateA"": ""2012-12-25"", ""tagB"": ""Sikh_Empire"", ""dateB"": ""2010-05-28"", ""maxKnowsLimit"": ""3""}",[],0.001958
bi16b,170,"{""tagA"": ""Something_to_Remember"", ""dateA"": ""2012-12-31"", ""tagB"": ""The_Heroin_Diaries_Soundtrack"", ""dateB"": ""2010-02-27"", ""maxKnowsLimit"": ""3""}",[],0.001334
bi16b,171,"{""tagA"": ""Rub_It_In"", ""dateA"": ""2012-11-18"", ""tagB"": ""Sans_logique"", ""dateB"": ""2011-10-23"", ""maxKnowsLimit"": ""6""}",[],0.001110
bi16b,172,"{""tagA"": ""Northern_Lights_–_Southern_Cross"", ""dateA"": ""2012-12-25"", ""tagB"": ""Preflyte"", ""dateB"": ""2010-04-06"", ""maxKnowsLimit"": ""3""}",[],0.001442
bi16b,173,"{""tagA"": ""Brand_New_Cadillac"", ""dateA"": ""2012-12-31"", ""tagB"": ""Seventh_Star"", ""dateB"": ""2010-02-24"", ""maxKnowsLimit"": ""4""}",[],0.001178
bi16b,174,"{""tagA"": ""Party_in_the_U.S.A."", ""dateA"": ""2012-12-29"", ""tagB"": ""Ooo_Baby_Baby"", ""dateB"": ""2010-05-27"", ""maxKnowsLimit"": ""6""}",[],0.001746
bi16b,175,"{""tagA"": ""Cosmic_Egg"", ""dateA"": ""2012-12-26"", ""tagB"": ""Seventh_Star"", ""dateB"": ""2010-02-24"", ""maxKnowsLimit"": ""3""}",[],0.001253
bi16b,176,"{""tagA"": ""Apagorevmeno"", ""dateA"": ""2012-12-31"", ""tagB"": ""Imperial_Bedroom"", ""dateB"": ""2010-06-15"", ""maxKnowsLimit"": ""3""}",[],0.001299
bi16b,177,"{""tagA"": ""The_Supremes_Sing_Holland–Dozier–Holland"", ""dateA"": ""2012-12-28"", ""tagB"": ""Italo_Calvino"", ""dateB"": ""2011-02-18"", ""maxKnowsLimit"": ""3""}",[],0.002162
bi16b,178,"{""tagA"": ""I_Can_Hear_Music"", ""dateA"": ""2012-12-28"", ""tagB"": ""Ebeneezer_Goode"", ""dateB"": ""2010-04-30"", ""maxKnowsLimit"": ""6""}",[],0.001730
bi16b,179,"{""tagA"": ""God_in_Me"", ""dateA"": ""2012-12-22"", ""tagB"": ""Jeff_Kennett"", ""dateB"": ""2010-11-24"", ""maxKnowsLimit"": ""4""}",[],0.001289
bi16b,180,"{""tagA"": ""East_Germany"", ""dateA"": ""2012-12-03"", ""tagB"": ""Catfights_and_Spotlights"", ""dateB"": ""2010-07-22"", ""maxKnowsLimit"": ""4""}",[],0.003204
bi16b,181,"{""tagA"": ""Thirteenth_Step"", ""dateA"": ""2012-12-30"", ""tagB"": ""J.E._Heartbreak"", ""dateB"": ""2010-10-05"", ""maxKnowsLimit"": ""6""}",[],0.001320
bi16b,182,"{""tagA"": ""Something_to_Remember"", ""dateA"": ""2012-12-31"", ""tagB"": ""Linda_Ronstadt"", ""dateB"": ""2010-04-06"", ""maxKnowsLimit"": ""5""}",[],0.003965
bi16b,183,"{""tagA"": ""Jack_Kerouac"", ""dateA"": ""2012-09-27"", ""tagB"": ""Ooo_Baby_Baby"", ""dateB"": ""2010-05-27"", ""maxKnowsLimit"": ""5""}",[],0.005123
bi16b,184,"{""tagA"": ""The_Best_of_David_Bowie_1969/1974"", ""dateA"": ""2012-12-25"", ""tagB"": ""Nikita_Khrushchev"", ""dateB"": ""2010-02-23"", ""maxKnowsLimit"": ""5""}",[],0.005021
bi16b,185,"{""tagA"": ""Nikita_Khrushchev"", ""dateA"": ""2012-11-17"", ""tagB"": ""Gin_and_Juice"", ""dateB"": ""2010-10-08"", ""maxKnowsLimit"": ""6""}",[],0.005252
bi16b,186,"{""tagA"": ""Linda_Ronstadt"", ""dateA"": ""2012-11-28"", ""tagB"": ""Republic_of_New_Granada"", ""dateB"": ""2010-03-13"", ""maxKnowsLimit"": ""4""}",[],0.004246
bi16b,187,"{""tagA"": ""A.D.I.D.A.S."", ""dateA"": ""2012-12-31"", ""tagB"": ""Voices_in_the_Wilderness"", ""dateB"": ""2011-11-29"", ""maxKnowsLimit"": ""6""}",[],0.001539
bi16b,188,"{""tagA"": ""Jerry_Lee_Lewis"", ""dateA"": ""2012-11-05"", ""tagB"": ""Ramakrishna"", ""dateB"": ""2012-10-25"", ""maxKnowsLimit"": ""4""}",[],0.004397
bi16b,189,"{""tagA"": ""Slovenia"", ""dateA"": ""2012-09-23"", ""tagB"": ""God_in_Me"", ""dateB"": ""2010-07-23"", ""maxKnowsLimit"": ""6""}",[],0.005072
bi16b,190,"{""tagA"": ""Fitzgerald_and_Pass..._Again"", ""dateA"": ""2012-12-31"", ""tagB"": ""Beyond_My_Control"", ""dateB"": ""2011-04-14"", ""maxKnowsLimit"": ""5""}",[],0.001629
bi16b,191,"{""tagA"": ""Gold_Cobra"", ""dateA"": ""2012-12-26"", ""tagB"": ""Jacques_Chirac"", ""dateB"": ""2010-02-23"", ""maxKnowsLimit"": ""6""}",[],0.005231
bi16b,192,"{""tagA"": ""J.E._Heartbreak"", ""dateA"": ""2012-12-31"", ""tagB"": ""Skin_and_Bones"", ""dateB"": ""2010-09-15"", ""maxKnowsLimit"": ""3""}",[],0.001478
bi16b,193,"{""tagA"": ""Aga_Khan_IV"", ""dateA"": ""2012-12-27"", ""tagB"": ""World_of_Our_Own"", ""dateB"": ""2010-10-11"", ""maxKnowsLimit"": ""5""}",[],0.001768
bi16b,194,"{""tagA"": ""Dry_Kids:_B-Sides_1997–2005"", ""dateA"": ""2012-12-03"", ""tagB"": ""Meaty_Beaty_Big_and_Bouncy"", ""dateB"": ""2010-10-31"", ""maxKnowsLimit"": ""5""}",[],0.001729
bi16b,195,"{""tagA"": ""Going_to_a_Go-Go"", ""dateA"": ""2012-12-24"", ""tagB"": ""Share_My_World"", ""dateB"": ""2010-07-24"", ""maxKnowsLimit"": ""3""}",[],0.001351
bi16b,196,"{""tagA"": ""Furthermore:_From_the_Studio,_From_the_Stage"", ""dateA"": ""2012-01-30"", ""tagB"": ""Darfur"", ""dateB"": ""2010-02-26"", ""maxKnowsLimit"": ""6""}",[],0.003125
bi16b,197,"{""tagA"": ""Back_for_the_Attack"", ""dateA"": ""2012-12-31"", ""tagB"": ""Preflyte"", ""dateB"": ""2010-04-06"", ""maxKnowsLimit"": ""5""}",[],0.001436
bi16b,198,"{""tagA"": ""Catfights_and_Spotlights"", ""dateA"": ""2012-12-28"", ""tagB"": ""John_VI_of_Portugal"", ""dateB"": ""2010-03-25"", ""maxKnowsLimit"": ""6""}",[],0.001258
bi16b,199,"{""tagA"": ""Bulgaria"", ""dateA"": ""2012-10-27"", ""tagB"": ""Bob_Geldof"", ""dateB"": ""2010-12-23"", ""maxKnowsLimit"": ""5""}",[],0.005668
bi16b,200,"{""tagA"": ""WOW_Hits_2008"", ""dateA"": ""2012-12-31"", ""tagB"": ""Bob_Geldof"", ""dateB"": ""2010-12-23"", ""maxKnowsLimit"": ""6""}",[],0.001794
bi16b,201,"{""tagA"": ""Hallo_Spaceboy"", ""dateA"": ""2012-12-31"", ""tagB"": ""Meaty_Beaty_Big_and_Bouncy"", ""dateB"": ""2010-10-31"", ""maxKnowsLimit"": ""5""}",[],59.885056
bi16b,202,"{""tagA"": ""Ooo_Baby_Baby"", ""dateA"": ""2012-12-25"", ""tagB"": ""Rivers_of_Babylon"", ""dateB"": ""2010-05-03"", ""maxKnowsLimit"": ""6""}",[],0.002615
bi16b,203,"{""tagA"": ""Dancing_Undercover"", ""dateA"": ""2012-12-30"", ""tagB"": ""Bright_Lights_Bigger_City"", ""dateB"": ""2010-05-27"", ""maxKnowsLimit"": ""3""}",[],0.001518
bi16b,204,"{""tagA"": ""Hot_n_Cold"", ""dateA"": ""2012-12-25"", ""tagB"": ""East_Germany"", ""dateB"": ""2010-02-25"", ""maxKnowsLimit"": ""3""}",[],0.004765
bi16b,205,"{""tagA"": ""Italo_Calvino"", ""dateA"": ""2012-12-19"", ""tagB"": ""Something_to_Remember"", ""dateB"": ""2010-06-16"", ""maxKnowsLimit"": ""4""}",[],0.001635
bi16b,206,"{""tagA"": ""No_Way_to_Say"", ""dateA"": ""2012-12-31"", ""tagB"": ""East_Germany"", ""dateB"": ""2010-02-25"", ""maxKnowsLimit"": ""5""}",[],0.003143
bi16b,207,"{""tagA"": ""East_Germany"", ""dateA"": ""2012-12-03"", ""tagB"": ""Rivers_of_Babylon"", ""dateB"": ""2010-05-03"", ""maxKnowsLimit"": ""4""}",[],0.002578
bi16b,208,"{""tagA"": ""Bulgaria"", ""dateA"": ""2012-10-27"", ""tagB"": ""Northern_Lights_–_Southern_Cross"", ""dateB"": ""2010-06-16"", ""maxKnowsLimit"": ""3""}",[],0.004700
bi16b,209,"{""tagA"": ""Black_Tie_White_Noise"", ""dateA"": ""2012-12-30"", ""tagB"": ""Slovenia"", ""dateB"": ""2010-03-13"", ""maxKnowsLimit"": ""4""}",[],0.004480
bi16b,210,"{""tagA"": ""Space_Ritual"", ""dateA"": ""2012-12-29"", ""tagB"": ""Nikita_Khrushchev"", ""dateB"": ""2010-02-23"", ""maxKnowsLimit"": ""5""}",[],0.004583
bi16b,211,"{""tagA"": ""Linda_Ronstadt"", ""dateA"": ""2012-11-28"", ""tagB"": ""The_Heroin_Diaries_Soundtrack"", ""dateB"": ""2010-02-27"", ""maxKnowsLimit"": ""6""}",[],0.003476
bi16b,212,"{""tagA"": ""Wasting_Light"", ""dateA"": ""2012-12-31"", ""tagB"": ""Slovenia"", ""dateB"": ""2010-03-13"", ""maxKnowsLimit"": ""5""}",[],0.004306
bi16b,213,"{""tagA"": ""Share_My_World"", ""dateA"": ""2012-12-30"", ""tagB"": ""Aga_Khan_IV"", ""dateB"": ""2010-09-04"", ""maxKnowsLimit"": ""3""}",[],0.001441
bi16b,214,"{""tagA"": ""Rani_Mukerji"", ""dateA"": ""2012-12-19"", ""tagB"": ""Rule/Sparkle"", ""dateB"": ""2010-10-05"", ""maxKnowsLimit"": ""3""}",[],0.001159
bi16b,215,"{""tagA"": ""Slovenia"", ""dateA"": ""2012-09-23"", ""tagB"": ""Moving_Violation"", ""dateB"": ""2010-11-23"", ""maxKnowsLimit"": ""5""}",[],0.003789
bi16b,216,"{""tagA"": ""Here_Comes_the_Rain_Again"", ""dateA"": ""2012-12-30"", ""tagB"": ""Darfur"", ""dateB"": ""2010-02-26"", ""maxKnowsLimit"": ""5""}",[],0.002968
bi16b,217,"{""tagA"": ""God_in_Me"", ""dateA"": ""2012-12-22"", ""tagB"": ""Apagorevmeno"", ""dateB"": ""2011-02-15"", ""maxKnowsLimit"": ""6""}",[],0.001166
bi16b,218,"{""tagA"": ""Fitzgerald_and_Pass..._Again"", ""dateA"": ""2012-12-31"", ""tagB"": ""The_Heroin_Diaries_Soundtrack"", ""dateB"": ""2010-02-27"", ""maxKnowsLimit"": ""3""}",[],0.001268
bi16b,219,"{""tagA"": ""J.E._Heartbreak"", ""dateA"": ""2012-12-31"", ""tagB"": ""Peter_of_Castile"", ""dateB"": ""2012-07-09"", ""maxKnowsLimit"": ""4""}",[],0.001064
bi16b,220,"{""tagA"": ""Fitzgerald_and_Pass..._Again"", ""dateA"": ""2012-12-31"", ""tagB"": ""Rivers_of_Babylon"", ""dateB"": ""2010-05-03"", ""maxKnowsLimit"": ""4""}",[],0.001482
bi16b,221,"{""tagA"": ""Lovesexy"", ""dateA"": ""2012-12-25"", ""tagB"": ""Meaty_Beaty_Big_and_Bouncy"", ""dateB"": ""2010-10-31"", ""maxKnowsLimit"": ""3""}",[],0.001213
bi16b,222,"{""tagA"": ""Ebeneezer_Goode"", ""dateA"": ""2012-12-29"", ""tagB"": ""Lovesexy"", ""dateB"": ""2010-12-30"", ""maxKnowsLimit"": ""3""}",[],0.001212
bi16b,223,"{""tagA"": ""Relationship_of_Command"", ""dateA"": ""2012-12-28"", ""tagB"": ""Furthermore:_From_the_Studio,_From_the_Stage"", ""dateB"": ""2012-01-30"", ""maxKnowsLimit"": ""4""}",[],0.001024
bi16b,224,"{""tagA"": ""Linda_Ronstadt"", ""dateA"": ""2012-11-28"", ""tagB"": ""East_Germany"", ""dateB"": ""2010-02-25"", ""maxKnowsLimit"": ""4""}",[],0.005796
bi16b,225,"{""tagA"": ""Space_Ritual"", ""dateA"": ""2012-12-29"", ""tagB"": ""Disco_Duck"", ""dateB"": ""2010-06-09"", ""maxKnowsLimit"": ""3""}",[],0.001391
bi16b,226,"{""tagA"": ""John_VI_of_Portugal"", ""dateA"": ""2012-12-21"", ""tagB"": ""Preflyte"", ""dateB"": ""2010-04-06"", ""maxKnowsLimit"": ""3""}",[],0.001192
bi16b,227,"{""tagA"": ""Republic_of_New_Granada"", ""dateA"": ""2012-12-25"", ""tagB"": ""Ebeneezer_Goode"", ""dateB"": ""2010-04-30"", ""maxKnowsLimit"": ""3""}",[],0.001357
bi16b,228,"{""tagA"": ""Glee:_The_Music,_Volume_6"", ""dateA"": ""2012-12-31"", ""tagB"": ""Skin_and_Bones"", ""dateB"": ""2010-09-15"", ""maxKnowsLimit"": ""3""}",[],0.000969
bi16b,229,"{""tagA"": ""Jeff_Kennett"", ""dateA"": ""2012-12-24"", ""tagB"": ""Lovesexy"", ""dateB"": ""2010-12-30"", ""maxKnowsLimit"": ""6""}",[],0.001135
bi16b,230,"{""tagA"": ""Lee_Hyung-taik"", ""dateA"": ""2012-12-25"", ""tagB"": ""Rani_Mukerji"", ""dateB"": ""2011-08-12"", ""maxKnowsLimit"": ""3""}",[],0.001643
bi16b,231,"{""tagA"": ""Back_for_the_Attack"", ""dateA"": ""2012-12-31"", ""tagB"": ""Arma-Goddamn-Motherfuckin-Geddon"", ""dateB"": ""2010-12-30"", ""maxKnowsLimit"": ""5""}",[],0.001164
bi16b,232,"{""tagA"": ""Sikh_Empire"", ""dateA"": ""2012-12-14"", ""tagB"": ""Fitzgerald_and_Pass..._Again"", ""dateB"": ""2010-05-27"", ""maxKnowsLimit"": ""3""}",[],0.001877
bi16b,233,"{""tagA"": ""Broken_Heels"", ""dateA"": ""2012-12-31"", ""tagB"": ""J.E._Heartbreak"", ""dateB"": ""2010-10-05"", ""maxKnowsLimit"": ""3""}",[],0.001112
bi16b,234,"{""tagA"": ""The_Supremes_Sing_Holland–Dozier–Holland"", ""dateA"": ""2012-12-28"", ""tagB"": ""Linda_Ronstadt"", ""dateB"": ""2010-04-06"", ""maxKnowsLimit"": ""6""}",[],0.003789
bi16b,235,"{""tagA"": ""Darfur"", ""dateA"": ""2012-12-03"", ""tagB"": ""A.D.I.D.A.S."", ""dateB"": ""2010-09-10"", ""maxKnowsLimit"": ""6""}",[],0.002585
bi16b,236,"{""tagA"": ""Hot_n_Cold"", ""dateA"": ""2012-12-25"", ""tagB"": ""World_of_Our_Own"", ""dateB"": ""2010-10-11"", ""maxKnowsLimit"": ""3""}",[],0.001790
bi16b,237,"{""tagA"": ""East_Germany"", ""dateA"": ""2012-12-03"", ""tagB"": ""Imperial_Bedroom"", ""dateB"": ""2010-06-15"", ""maxKnowsLimit"": ""3""}",[],0.003199
bi16b,238,"{""tagA"": ""Something_to_Remember"", ""dateA"": ""2012-12-31"", ""tagB"": ""Houses_of_the_Holy"", ""dateB"": ""2010-06-03"", ""maxKnowsLimit"": ""3""}",[],0.001402
bi16b,239,"{""tagA"": ""Dry_Kids:_B-Sides_1997–2005"", ""dateA"": ""2012-12-03"", ""tagB"": ""God_in_Me"", ""dateB"": ""2010-07-23"", ""maxKnowsLimit"": ""5""}",[],0.001089
bi16b,240,"{""tagA"": ""The_Best_of_David_Bowie_1969/1974"", ""dateA"": ""2012-12-25"", ""tagB"": ""Hallo_Spaceboy"", ""dateB"": ""2010-03-13"", ""maxKnowsLimit"": ""3""}",[],0.001244
bi16b,241,"{""tagA"": ""Beyond_My_Control"", ""dateA"": ""2012-12-31"", ""tagB"": ""Apagorevmeno"", ""dateB"": ""2011-02-15"", ""maxKnowsLimit"": ""3""}",[],0.001026
bi16b,242,"{""tagA"": ""Fitzgerald_and_Pass..._Again"", ""dateA"": ""2012-12-31"", ""tagB"": ""Pieces_of_a_Man"", ""dateB"": ""2010-01-31"", ""maxKnowsLimit"": ""4""}",[],0.001186
bi16b,243,"{""tagA"": ""Spoonful"", ""dateA"": ""2012-12-29"", ""tagB"": ""Something_in_Common"", ""dateB"": ""2010-02-25"", ""maxKnowsLimit"": ""3""}",[],0.001368
bi16b,244,"{""tagA"": ""Voices_in_the_Wilderness"", ""dateA"": ""2012-12-26"", ""tagB"": ""Space_Ritual"", ""dateB"": ""2010-04-06"", ""maxKnowsLimit"": ""4""}",[],0.001416
bi16b,245,"{""tagA"": ""Locked_Out"", ""dateA"": ""2012-12-23"", ""tagB"": ""Gold_Cobra"", ""dateB"": ""2011-10-07"", ""maxKnowsLimit"": ""5""}",[],0.001337
bi16b,246,"{""tagA"": ""Nightflight_to_Venus"", ""dateA"": ""2012-12-31"", ""tagB"": ""Moving_Violation"", ""dateB"": ""2010-11-23"", ""maxKnowsLimit"": ""4""}",[],0.001356
bi16b,247,"{""tagA"": ""Big_Poppa"", ""dateA"": ""2012-12-29"", ""tagB"": ""J.E._Heartbreak"", ""dateB"": ""2010-10-05"", ""maxKnowsLimit"": ""5""}",[],0.001434
bi16b,248,"{""tagA"": ""Here_Comes_the_Rain_Again"", ""dateA"": ""2012-12-30"", ""tagB"": ""Bulgaria"", ""dateB"": ""2010-02-24"", ""maxKnowsLimit"": ""3""}",[],0.005334
bi16b,249,"{""tagA"": ""Pieces_of_a_Man"", ""dateA"": ""2012-12-08"", ""tagB"": ""Voices_in_the_Wilderness"", ""dateB"": ""2011-11-29"", ""maxKnowsLimit"": ""3""}",[],0.001515
bi16b,250,"{""tagA"": ""Furthermore:_From_the_Studio,_From_the_Stage"", ""dateA"": ""2012-01-30"", ""tagB"": ""Untitled_Korn_album"", ""dateB"": ""2010-07-16"", ""maxKnowsLimit"": ""6""}",[],59.885882
bi16b,251,"{""tagA"": ""Fitzgerald_and_Pass..._Again"", ""dateA"": ""2012-12-31"", ""tagB"": ""Hot_n_Cold"", ""dateB"": ""2010-05-27"", ""maxKnowsLimit"": ""4""}",[],0.002708
bi16b,252,"{""tagA"": ""No_Way_to_Say"", ""dateA"": ""2012-12-31"", ""tagB"": ""Brand_New_Cadillac"", ""dateB"": ""2011-02-16"", ""maxKnowsLimit"": ""4""}",[],0.001415
bi16b,253,"{""tagA"": ""Jacques_Chirac"", ""dateA"": ""2012-10-23"", ""tagB"": ""Darfur"", ""dateB"": ""2010-02-26"", ""maxKnowsLimit"": ""5""}",[],0.007130
bi16b,254,"{""tagA"": ""Disco_Duck"", ""dateA"": ""2012-12-31"", ""tagB"": ""Moving_Violation"", ""dateB"": ""2010-11-23"", ""maxKnowsLimit"": ""4""}",[],0.001656
bi16b,255,"{""tagA"": ""Locked_Out"", ""dateA"": ""2012-12-23"", ""tagB"": ""Shepherd_Moons"", ""dateB"": ""2010-06-07"", ""maxKnowsLimit"": ""3""}",[],0.001344
bi16b,256,"{""tagA"": ""Lee_Hyung-taik"", ""dateA"": ""2012-12-25"", ""tagB"": ""Locked_Out"", ""dateB"": ""2011-01-24"", ""maxKnowsLimit"": ""3""}",[],0.001518
bi16b,257,"{""tagA"": ""Right_on_the_Money"", ""dateA"": ""2012-11-24"", ""tagB"": ""Spoonful"", ""dateB"": ""2010-06-03"", ""maxKnowsLimit"": ""6""}",[],0.001422
bi16b,258,"{""tagA"": ""Elvis_Presley"", ""dateA"": ""2012-10-19"", ""tagB"": ""Big_Poppa"", ""dateB"": ""2010-04-06"", ""maxKnowsLimit"": ""4""}",[],0.006337
bi16b,259,"{""tagA"": ""Nikita_Khrushchev"", ""dateA"": ""2012-11-17"", ""tagB"": ""Ralph_Bakshi"", ""dateB"": ""2010-05-12"", ""maxKnowsLimit"": ""5""}",[],0.004684
bi16b,260,"{""tagA"": ""Northern_Lights_–_Southern_Cross"", ""dateA"": ""2012-12-25"", ""tagB"": ""William_Blake"", ""dateB"": ""2010-02-25"", ""maxKnowsLimit"": ""3""}",[],0.004810
bi16b,261,"{""tagA"": ""Thirteenth_Step"", ""dateA"": ""2012-12-30"", ""tagB"": ""Javier_Frana"", ""dateB"": ""2011-03-10"", ""maxKnowsLimit"": ""5""}",[],0.001330
bi16b,262,"{""tagA"": ""Jeff_Kennett"", ""dateA"": ""2012-12-24"", ""tagB"": ""Wasting_Light"", ""dateB"": ""2010-05-26"", ""maxKnowsLimit"": ""4""}",[],0.001272
bi16b,263,"{""tagA"": ""Pieces_of_a_Man"", ""dateA"": ""2012-12-08"", ""tagB"": ""Beyond_My_Control"", ""dateB"": ""2011-04-14"", ""maxKnowsLimit"": ""6""}",[],0.001021
bi16b,264,"{""tagA"": ""Ooo_Baby_Baby"", ""dateA"": ""2012-12-25"", ""tagB"": ""Arma-Goddamn-Motherfuckin-Geddon"", ""dateB"": ""2010-12-30"", ""maxKnowsLimit"": ""3""}",[],0.001056
bi16b,265,"{""tagA"": ""Untitled_Korn_album"", ""dateA"": ""2012-12-23"", ""tagB"": ""Nightflight_to_Venus"", ""dateB"": ""2010-06-23"", ""maxKnowsLimit"": ""3""}",[],0.001020
bi16b,266,"{""tagA"": ""Here_Comes_the_Rain_Again"", ""dateA"": ""2012-12-30"", ""tagB"": ""Shepherd_Moons"", ""dateB"": ""2010-06-07"", ""maxKnowsLimit"": ""6""}",[],0.001319
bi16b,267,"{""tagA"": ""Jacques_Chirac"", ""dateA"": ""2012-10-23"", ""tagB"": ""Stay_Too_Long"", ""dateB"": ""2012-01-03"", ""maxKnowsLimit"": ""3""}",[],0.004602
bi16b,268,"{""tagA"": ""Hallo_Spaceboy"", ""dateA"": ""2012-12-31"", ""tagB"": ""Bob_Geldof"", ""dateB"": ""2010-12-23"", ""maxKnowsLimit"": ""6""}",[],0.002148
bi16b,269,"{""tagA"": ""Cosmic_Egg"", ""dateA"": ""2012-12-26"", ""tagB"": ""You_Took_the_Words_Right_Out_of_My_Mouth"", ""dateB"": ""2010-06-03"", ""maxKnowsLimit"": ""6""}",[],0.001276
bi16b,270,"{""tagA"": ""World_of_Our_Own"", ""dateA"": ""2012-12-27"", ""tagB"": ""Gin_and_Juice"", ""dateB"": ""2010-10-08"", ""maxKnowsLimit"": ""6""}",[],0.001255
bi16b,271,"{""tagA"": ""Gin_and_Juice"", ""dateA"": ""2012-12-21"", ""tagB"": ""Spoonful"", ""dateB"": ""2010-06-03"", ""maxKnowsLimit"": ""5""}",[],0.001315
bi16b,272,"{""tagA"": ""Back_for_the_Attack"", ""dateA"": ""2012-12-31"", ""tagB"": ""Rule/Sparkle"", ""dateB"": ""2010-10-05"", ""maxKnowsLimit"": ""3""}",[],0.001042
bi16b,273,"{""tagA"": ""The_Best_of_David_Bowie_1969/1974"", ""dateA"": ""2012-12-25"", ""tagB"": ""Something_to_Remember"", ""dateB"": ""2010-06-16"", ""maxKnowsLimit"": ""6""}",[],0.001156
bi16b,274,"{""tagA"": ""Arma-Goddamn-Motherfuckin-Geddon"", ""dateA"": ""2012-12-28"", ""tagB"": ""Back_for_the_Attack"", ""dateB"": ""2010-06-09"", ""maxKnowsLimit"": ""6""}",[],0.001043
bi16b,275,"{""tagA"": ""Bright_Lights_Bigger_City"", ""dateA"": ""2012-12-27"", ""tagB"": ""Lovesexy"", ""dateB"": ""2010-12-30"", ""maxKnowsLimit"": ""5""}",[],0.001229
bi16b,276,"{""tagA"": ""Sans_logique"", ""dateA"": ""2012-03-22"", ""tagB"": ""MantaRay"", ""dateB"": ""2010-06-16"", ""maxKnowsLimit"": ""4""}",[],0.001160
bi16b,277,"{""tagA"": ""Aga_Khan_IV"", ""dateA"": ""2012-12-27"", ""tagB"": ""Going_to_a_Go-Go"", ""dateB"": ""2010-07-26"", ""maxKnowsLimit"": ""4""}",[],0.001245
bi16b,278,"{""tagA"": ""Space_Ritual"", ""dateA"": ""2012-12-29"", ""tagB"": ""After_the_Heat"", ""dateB"": ""2010-10-01"", ""maxKnowsLimit"": ""5""}",[],0.001202
bi16b,279,"{""tagA"": ""Meaty_Beaty_Big_and_Bouncy"", ""dateA"": ""2012-12-30"", ""tagB"": ""Relationship_of_Command"", ""dateB"": ""2010-04-29"", ""maxKnowsLimit"": ""3""}",[],0.001249
bi16b,280,"{""tagA"": ""Pieces_of_a_Man"", ""dateA"": ""2012-12-08"", ""tagB"": ""Gin_and_Juice"", ""dateB"": ""2010-10-08"", ""maxKnowsLimit"": ""3""}",[],0.001178
bi16b,281,"{""tagA"": ""Right_on_the_Money"", ""dateA"": ""2012-11-24"", ""tagB"": ""Arma-Goddamn-Motherfuckin-Geddon"", ""dateB"": ""2010-12-30"", ""maxKnowsLimit"": ""4""}",[],0.001068
bi16b,282,"{""tagA"": ""From_Yesterday"", ""dateA"": ""2012-12-27"", ""tagB"": ""Voices_in_the_Wilderness"", ""dateB"": ""2011-11-29"", ""maxKnowsLimit"": ""6""}",[],0.001495
bi16b,283,"{""tagA"": ""Brand_New_Cadillac"", ""dateA"": ""2012-12-31"", ""tagB"": ""Thirteenth_Step"", ""dateB"": ""2010-10-12"", ""maxKnowsLimit"": ""6""}",[],0.001169
bi16b,284,"{""tagA"": ""Something_to_Remember"", ""dateA"": ""2012-12-31"", ""tagB"": ""Stay_Too_Long"", ""dateB"": ""2012-01-03"", ""maxKnowsLimit"": ""4""}",[],0.001108
bi16b,285,"{""tagA"": ""MantaRay"", ""dateA"": ""2012-12-29"", ""tagB"": ""Arma-Goddamn-Motherfuckin-Geddon"", ""dateB"": ""2010-12-30"", ""maxKnowsLimit"": ""3""}",[],0.001086
bi16b,286,"{""tagA"": ""Republic_of_New_Granada"", ""dateA"": ""2012-12-25"", ""tagB"": ""Imperial_Bedroom"", ""dateB"": ""2010-06-15"", ""maxKnowsLimit"": ""5""}",[],0.001610
bi16b,287,"{""tagA"": ""Apagorevmeno"", ""dateA"": ""2012-12-31"", ""tagB"": ""Nikita_Khrushchev"", ""dateB"": ""2010-02-23"", ""maxKnowsLimit"": ""3""}",[],0.005290
bi16b,288,"{""tagA"": ""Preflyte"", ""dateA"": ""2012-12-28"", ""tagB"": ""Black_Tie_White_Noise"", ""dateB"": ""2010-09-15"", ""maxKnowsLimit"": ""4""}",[],0.001487
bi16b,289,"{""tagA"": ""Fitzgerald_and_Pass..._Again"", ""dateA"": ""2012-12-31"", ""tagB"": ""Share_My_World"", ""dateB"": ""2010-07-24"", ""maxKnowsLimit"": ""6""}",[],0.001283
bi16b,290,"{""tagA"": ""Pieces_of_a_Man"", ""dateA"": ""2012-12-08"", ""tagB"": ""Seventh_Star"", ""dateB"": ""2010-02-24"", ""maxKnowsLimit"": ""5""}",[],0.001120
bi16b,291,"{""tagA"": ""Hallo_Spaceboy"", ""dateA"": ""2012-12-31"", ""tagB"": ""The_Heroin_Diaries_Soundtrack"", ""dateB"": ""2010-02-27"", ""maxKnowsLimit"": ""3""}",[],0.001228
bi16b,292,"{""tagA"": ""Italo_Calvino"", ""dateA"": ""2012-12-19"", ""tagB"": ""Stay_Too_Long"", ""dateB"": ""2012-01-03"", ""maxKnowsLimit"": ""4""}",[],0.001328
bi16b,293,"{""tagA"": ""Moving_Violation"", ""dateA"": ""2012-12-26"", ""tagB"": ""Big_Poppa"", ""dateB"": ""2010-04-06"", ""maxKnowsLimit"": ""4""}",[],0.001318
bi16b,294,"{""tagA"": ""John_VI_of_Portugal"", ""dateA"": ""2012-12-21"", ""tagB"": ""No_Way_to_Say"", ""dateB"": ""2010-12-30"", ""maxKnowsLimit"": ""3""}",[],0.001183
bi16b,295,"{""tagA"": ""Black_Tie_White_Noise"", ""dateA"": ""2012-12-30"", ""tagB"": ""A.D.I.D.A.S."", ""dateB"": ""2010-09-10"", ""maxKnowsLimit"": ""5""}",[],0.001319
bi16b,296,"{""tagA"": ""I_Can_Hear_Music"", ""dateA"": ""2012-12-28"", ""tagB"": ""Get_Down_and_Get_With_It"", ""dateB"": ""2011-09-27"", ""maxKnowsLimit"": ""4""}",[],0.001291
bi16b,297,"{""tagA"": ""Bright_Lights_Bigger_City"", ""dateA"": ""2012-12-27"", ""tagB"": ""Meaty_Beaty_Big_and_Bouncy"", ""dateB"": ""2010-10-31"", ""maxKnowsLimit"": ""5""}",[],0.001286
bi16b,298,"{""tagA"": ""Transatlanticism"", ""dateA"": ""2012-12-27"", ""tagB"": ""Elvis_Presley"", ""dateB"": ""2010-02-27"", ""maxKnowsLimit"": ""3""}",[],0.006322
bi16b,299,"{""tagA"": ""Party_in_the_U.S.A."", ""dateA"": ""2012-12-29"", ""tagB"": ""Broken_Heels"", ""dateB"": ""2011-01-15"", ""maxKnowsLimit"": ""6""}",[],59.920430
bi16b,300,"{""tagA"": ""J.E._Heartbreak"", ""dateA"": ""2012-12-31"", ""tagB"": ""No_Way_to_Say"", ""dateB"": ""2010-12-30"", ""maxKnowsLimit"": ""5""}",[],0.002090
bi16b,301,"{""tagA"": ""World_of_Our_Own"", ""dateA"": ""2012-12-27"", ""tagB"": ""The_Heroin_Diaries_Soundtrack"", ""dateB"": ""2010-02-27"", ""maxKnowsLimit"": ""3""}",[],0.001686
bi16b,302,"{""tagA"": ""Broken_Heels"", ""dateA"": ""2012-12-31"", ""tagB"": ""Jeff_Kennett"", ""dateB"": ""2010-11-24"", ""maxKnowsLimit"": ""5""}",[],0.001367
bi16b,303,"{""tagA"": ""Moving_Violation"", ""dateA"": ""2012-12-26"", ""tagB"": ""Nightflight_to_Venus"", ""dateB"": ""2010-06-23"", ""maxKnowsLimit"": ""6""}",[],0.001428
bi16b,304,"{""tagA"": ""Seventh_Star"", ""dateA"": ""2012-12-30"", ""tagB"": ""Fitzgerald_and_Pass..._Again"", ""dateB"": ""2010-05-27"", ""maxKnowsLimit"": ""3""}",[],0.001347
bi16b,305,"{""tagA"": ""Space_Ritual"", ""dateA"": ""2012-12-29"", ""tagB"": ""Slovenia"", ""dateB"": ""2010-03-13"", ""maxKnowsLimit"": ""3""}",[],0.004829
bi16b,306,"{""tagA"": ""Preflyte"", ""dateA"": ""2012-12-28"", ""tagB"": ""Linda_Ronstadt"", ""dateB"": ""2010-04-06"", ""maxKnowsLimit"": ""6""}",[],0.003356
bi16b,307,"{""tagA"": ""Meaty_Beaty_Big_and_Bouncy"", ""dateA"": ""2012-12-30"", ""tagB"": ""Going_to_a_Go-Go"", ""dateB"": ""2010-07-26"", ""maxKnowsLimit"": ""3""}",[],0.001350
bi16b,308,"{""tagA"": ""Imperial_Bedroom"", ""dateA"": ""2012-12-27"", ""tagB"": ""J.E._Heartbreak"", ""dateB"": ""2010-10-05"", ""maxKnowsLimit"": ""3""}",[],0.001592
bi16b,309,"{""tagA"": ""Aga_Khan_IV"", ""dateA"": ""2012-12-27"", ""tagB"": ""Relationship_of_Command"", ""dateB"": ""2010-04-29"", ""maxKnowsLimit"": ""4""}",[],0.001317
bi16b,310,"{""tagA"": ""Sans_logique"", ""dateA"": ""2012-03-22"", ""tagB"": ""Pieces_of_a_Man"", ""dateB"": ""2010-01-31"", ""maxKnowsLimit"": ""4""}",[],0.001184
bi16b,311,"{""tagA"": ""Beyond_My_Control"", ""dateA"": ""2012-12-31"", ""tagB"": ""Space_Ritual"", ""dateB"": ""2010-04-06"", ""maxKnowsLimit"": ""5""}",[],0.001312
bi16b,312,"{""tagA"": ""Arma-Goddamn-Motherfuckin-Geddon"", ""dateA"": ""2012-12-28"", ""tagB"": ""Jerry_Lee_Lewis"", ""dateB"": ""2010-01-19"", ""maxKnowsLimit"": ""5""}",[],0.004250
bi16b,313,"{""tagA"": ""Here_Comes_the_Rain_Again"", ""dateA"": ""2012-12-30"", ""tagB"": ""God_in_Me"", ""dateB"": ""2010-07-23"", ""maxKnowsLimit"": ""4""}",[],0.001382
bi16b,314,"{""tagA"": ""Broken_Heels"", ""dateA"": ""2012-12-31"", ""tagB"": ""Jacques_Chirac"", ""dateB"": ""2010-02-23"", ""maxKnowsLimit"": ""3""}",[],0.004588
bi16b,315,"{""tagA"": ""J.E._Heartbreak"", ""dateA"": ""2012-12-31"", ""tagB"": ""Party_in_the_U.S.A."", ""dateB"": ""2010-04-06"", ""maxKnowsLimit"": ""5""}",[],0.001591
bi16b,316,"{""tagA"": ""Ooo_Baby_Baby"", ""dateA"": ""2012-12-25"", ""tagB"": ""Skin_and_Bones"", ""dateB"": ""2010-09-15"", ""maxKnowsLimit"": ""5""}",[],0.001232
bi16b,317,"{""tagA"": ""Spoonful"", ""dateA"": ""2012-12-29"", ""tagB"": ""Houses_of_the_Holy"", ""dateB"": ""2010-06-03"", ""maxKnowsLimit"": ""5""}",[],0.003763
bi16b,318,"{""tagA"": ""Dry_Kids:_B-Sides_1997–2005"", ""dateA"": ""2012-12-03"", ""tagB"": ""Imperial_Bedroom"", ""dateB"": ""2010-06-15"", ""maxKnowsLimit"": ""3""}",[],0.001644
bi16b,319,"{""tagA"": ""Cosmic_Egg"", ""dateA"": ""2012-12-26"", ""tagB"": ""Something_in_Common"", ""dateB"": ""2010-02-25"", ""maxKnowsLimit"": ""4""}",[],0.001227
bi16b,320,"{""tagA"": ""Rani_Mukerji"", ""dateA"": ""2012-12-19"", ""tagB"": ""Lee_Hyung-taik"", ""dateB"": ""2011-02-09"", ""maxKnowsLimit"": ""5""}",[],0.001736
bi16b,321,"{""tagA"": ""Meaty_Beaty_Big_and_Bouncy"", ""dateA"": ""2012-12-30"", ""tagB"": ""Black_Tie_White_Noise"", ""dateB"": ""2010-09-15"", ""maxKnowsLimit"": ""6""}",[],0.001272
bi16b,322,"{""tagA"": ""Moving_Violation"", ""dateA"": ""2012-12-26"", ""tagB"": ""Bright_Lights_Bigger_City"", ""dateB"": ""2010-05-27"", ""maxKnowsLimit"": ""3""}",[],0.001255
bi16b,323,"{""tagA"": ""Bulgaria"", ""dateA"": ""2012-10-27"", ""tagB"": ""Brand_New_Cadillac"", ""dateB"": ""2011-02-16"", ""maxKnowsLimit"": ""3""}",[],0.005028
bi16b,324,"{""tagA"": ""Rub_It_In"", ""dateA"": ""2012-11-18"", ""tagB"": ""Ebeneezer_Goode"", ""dateB"": ""2010-04-30"", ""maxKnowsLimit"": ""6""}",[],0.001356
bi16b,325,"{""tagA"": ""Brand_New_Cadillac"", ""dateA"": ""2012-12-31"", ""tagB"": ""Javier_Frana"", ""dateB"": ""2011-03-10"", ""maxKnowsLimit"": ""6""}",[],0.001119
bi16b,326,"{""tagA"": ""God_in_Me"", ""dateA"": ""2012-12-22"", ""tagB"": ""Lee_Hyung-taik"", ""dateB"": ""2011-02-09"", ""maxKnowsLimit"": ""4""}",[],0.001597
bi16b,327,"{""tagA"": ""Voices_in_the_Wilderness"", ""dateA"": ""2012-12-26"", ""tagB"": ""MantaRay"", ""dateB"": ""2010-06-16"", ""maxKnowsLimit"": ""3""}",[],0.001133
bi16b,328,"{""tagA"": ""Untitled_Korn_album"", ""dateA"": ""2012-12-23"", ""tagB"": ""From_Yesterday"", ""dateB"": ""2010-07-06"", ""maxKnowsLimit"": ""4""}",[],0.001270
bi16b,329,"{""tagA"": ""Darfur"", ""dateA"": ""2012-12-03"", ""tagB"": ""Beyond_My_Control"", ""dateB"": ""2011-04-14"", ""maxKnowsLimit"": ""5""}",[],0.002592
bi16b,330,"{""tagA"": ""Arma-Goddamn-Motherfuckin-Geddon"", ""dateA"": ""2012-12-28"", ""tagB"": ""Thirteenth_Step"", ""dateB"": ""2010-10-12"", ""maxKnowsLimit"": ""3""}",[],0.001317
bi16b,331,"{""tagA"": ""Ooo_Baby_Baby"", ""dateA"": ""2012-12-25"", ""tagB"": ""Jack_Kerouac"", ""dateB"": ""2010-02-24"", ""maxKnowsLimit"": ""6""}",[],0.005134
bi16b,332,"{""tagA"": ""Ralph_Bakshi"", ""dateA"": ""2012-12-25"", ""tagB"": ""Rivers_of_Babylon"", ""dateB"": ""2010-05-03"", ""maxKnowsLimit"": ""6""}",[],0.002214
bi16b,333,"{""tagA"": ""The_Supremes_Sing_Holland–Dozier–Holland"", ""dateA"": ""2012-12-28"", ""tagB"": ""Beatles_for_Sale"", ""dateB"": ""2010-10-12"", ""maxKnowsLimit"": ""3""}",[],0.001574
bi16b,334,"{""tagA"": ""God_in_Me"", ""dateA"": ""2012-12-22"", ""tagB"": ""John_VI_of_Portugal"", ""dateB"": ""2010-03-25"", ""maxKnowsLimit"": ""4""}",[],0.001402
bi16b,335,"{""tagA"": ""Ralph_Bakshi"", ""dateA"": ""2012-12-25"", ""tagB"": ""Ooo_Baby_Baby"", ""dateB"": ""2010-05-27"", ""maxKnowsLimit"": ""6""}",[],0.001429
bi16b,336,"{""tagA"": ""Spoonful"", ""dateA"": ""2012-12-29"", ""tagB"": ""Pieces_of_a_Man"", ""dateB"": ""2010-01-31"", ""maxKnowsLimit"": ""6""}",[],0.001393
bi16b,337,"{""tagA"": ""Furthermore:_From_the_Studio,_From_the_Stage"", ""dateA"": ""2012-01-30"", ""tagB"": ""Ramakrishna"", ""dateB"": ""2012-10-25"", ""maxKnowsLimit"": ""4""}",[],0.001015
bi16b,338,"{""tagA"": ""Sans_logique"", ""dateA"": ""2012-03-22"", ""tagB"": ""Here_Comes_the_Rain_Again"", ""dateB"": ""2010-09-14"", ""maxKnowsLimit"": ""6""}",[],0.001364
bi16b,339,"{""tagA"": ""The_Heroin_Diaries_Soundtrack"", ""dateA"": ""2012-12-31"", ""tagB"": ""Javier_Frana"", ""dateB"": ""2011-03-10"", ""maxKnowsLimit"": ""6""}",[],0.001309
bi16b,340,"{""tagA"": ""WOW_Hits_2008"", ""dateA"": ""2012-12-31"", ""tagB"": ""Houses_of_the_Holy"", ""dateB"": ""2010-06-03"", ""maxKnowsLimit"": ""3""}",[],0.001391
bi16b,341,"{""tagA"": ""J.E._Heartbreak"", ""dateA"": ""2012-12-31"", ""tagB"": ""Bob_Geldof"", ""dateB"": ""2010-12-23"", ""maxKnowsLimit"": ""6""}",[],0.002040
bi16b,342,"{""tagA"": ""You_Took_the_Words_Right_Out_of_My_Mouth"", ""dateA"": ""2012-12-30"", ""tagB"": ""Meaty_Beaty_Big_and_Bouncy"", ""dateB"": ""2010-10-31"", ""maxKnowsLimit"": ""4""}",[],0.001616
bi16b,343,"{""tagA"": ""Jeff_Kennett"", ""dateA"": ""2012-12-24"", ""tagB"": ""Northern_Lights_–_Southern_Cross"", ""dateB"": ""2010-06-16"", ""maxKnowsLimit"": ""5""}",[],0.001354
bi16b,344,"{""tagA"": ""God_in_Me"", ""dateA"": ""2012-12-22"", ""tagB"": ""Space_Ritual"", ""dateB"": ""2010-04-06"", ""maxKnowsLimit"": ""4""}",[],0.001415
bi16b,345,"{""tagA"": ""Here_Comes_the_Rain_Again"", ""dateA"": ""2012-12-30"", ""tagB"": ""Nightflight_to_Venus"", ""dateB"": ""2010-06-23"", ""maxKnowsLimit"": ""6""}",[],0.001320
bi16b,346,"{""tagA"": ""The_Capitol_Albums,_Volume_1"", ""dateA"": ""2012-12-26"", ""tagB"": ""Pieces_of_a_Man"", ""dateB"": ""2010-01-31"", ""maxKnowsLimit"": ""3""}",[],0.001731
bi16b,347,"{""tagA"": ""Right_on_the_Money"", ""dateA"": ""2012-11-24"", ""tagB"": ""Jerry_Lee_Lewis"", ""dateB"": ""2010-01-19"", ""maxKnowsLimit"": ""3""}",[],0.004816
bi16b,348,"{""tagA"": ""Spoonful"", ""dateA"": ""2012-12-29"", ""tagB"": ""Meaty_Beaty_Big_and_Bouncy"", ""dateB"": ""2010-10-31"", ""maxKnowsLimit"": ""3""}",[],59.887362
bi16b,349,"{""tagA"": ""John_VI_of_Portugal"", ""dateA"": ""2012-12-21"", ""tagB"": ""Space_Ritual"", ""dateB"": ""2010-04-06"", ""maxKnowsLimit"": ""3""}",[],0.002418
bi16b,350,"{""tagA"": ""Jerry_Lee_Lewis"", ""dateA"": ""2012-11-05"", ""tagB"": ""Share_My_World"", ""dateB"": ""2010-07-24"", ""maxKnowsLimit"": ""6""}",[],0.004972
bi16b,351,"{""tagA"": ""Lovesexy"", ""dateA"": ""2012-12-25"", ""tagB"": ""Ebeneezer_Goode"", ""dateB"": ""2010-04-30"", ""maxKnowsLimit"": ""3""}",[],0.001487
bi16b,352,"{""tagA"": ""John_VI_of_Portugal"", ""dateA"": ""2012-12-21"", ""tagB"": ""Republic_of_New_Granada"", ""dateB"": ""2010-03-13"", ""maxKnowsLimit"": ""3""}",[],0.001536
bi16b,353,"{""tagA"": ""The_Best_of_David_Bowie_1969/1974"", ""dateA"": ""2012-12-25"", ""tagB"": ""Lovesexy"", ""dateB"": ""2010-12-30"", ""maxKnowsLimit"": ""3""}",[],0.001075
bi16b,354,"{""tagA"": ""Northern_Lights_–_Southern_Cross"", ""dateA"": ""2012-12-25"", ""tagB"": ""Brand_New_Cadillac"", ""dateB"": ""2011-02-16"", ""maxKnowsLimit"": ""6""}",[],0.001043
bi16b,355,"{""tagA"": ""Javier_Frana"", ""dateA"": ""2012-12-27"", ""tagB"": ""Furthermore:_From_the_Studio,_From_the_Stage"", ""dateB"": ""2012-01-30"", ""maxKnowsLimit"": ""3""}",[],0.000997
bi16b,356,"{""tagA"": ""Catfights_and_Spotlights"", ""dateA"": ""2012-12-28"", ""tagB"": ""WOW_Hits_2008"", ""dateB"": ""2011-04-14"", ""maxKnowsLimit"": ""6""}",[],0.001027
bi16b,357,"{""tagA"": ""Going_to_a_Go-Go"", ""dateA"": ""2012-12-24"", ""tagB"": ""Italo_Calvino"", ""dateB"": ""2011-02-18"", ""maxKnowsLimit"": ""3""}",[],0.001283
bi16b,358,"{""tagA"": ""Locked_Out"", ""dateA"": ""2012-12-23"", ""tagB"": ""Ooo_Baby_Baby"", ""dateB"": ""2010-05-27"", ""maxKnowsLimit"": ""4""}",[],0.001092
bi16b,359,"{""tagA"": ""Spoonful"", ""dateA"": ""2012-12-29"", ""tagB"": ""Northern_Lights_–_Southern_Cross"", ""dateB"": ""2010-06-16"", ""maxKnowsLimit"": ""6""}",[],0.001286
bi16b,360,"{""tagA"": ""Here_Comes_the_Rain_Again"", ""dateA"": ""2012-12-30"", ""tagB"": ""Transatlanticism"", ""dateB"": ""2011-02-16"", ""maxKnowsLimit"": ""3""}",[],0.001338
bi16b,361,"{""tagA"": ""Going_to_a_Go-Go"", ""dateA"": ""2012-12-24"", ""tagB"": ""WOW_Hits_2008"", ""dateB"": ""2011-04-14"", ""maxKnowsLimit"": ""6""}",[],0.001033
bi16b,362,"{""tagA"": ""Something_to_Remember"", ""dateA"": ""2012-12-31"", ""tagB"": ""Peter_of_Castile"", ""dateB"": ""2012-07-09"", ""maxKnowsLimit"": ""4""}",[],0.001014
bi16b,363,"{""tagA"": ""Bob_Geldof"", ""dateA"": ""2012-12-08"", ""tagB"": ""John_VI_of_Portugal"", ""dateB"": ""2010-03-25"", ""maxKnowsLimit"": ""6""}",[],0.001664
bi16b,364,"{""tagA"": ""Imperial_Bedroom"", ""dateA"": ""2012-12-27"", ""tagB"": ""Javier_Frana"", ""dateB"": ""2011-03-10"", ""maxKnowsLimit"": ""6""}",[],0.001249
bi16b,365,"{""tagA"": ""Black_Tie_White_Noise"", ""dateA"": ""2012-12-30"", ""tagB"": ""No_Way_to_Say"", ""dateB"": ""2010-12-30"", ""maxKnowsLimit"": ""4""}",[],0.001087
bi16b,366,"{""tagA"": ""Bob_Geldof"", ""dateA"": ""2012-12-08"", ""tagB"": ""Hot_n_Cold"", ""dateB"": ""2010-05-27"", ""maxKnowsLimit"": ""5""}",[],0.001948
bi16b,367,"{""tagA"": ""God_in_Me"", ""dateA"": ""2012-12-22"", ""tagB"": ""Voices_in_the_Wilderness"", ""dateB"": ""2011-11-29"", ""maxKnowsLimit"": ""5""}",[],0.001106
bi16b,368,"{""tagA"": ""No_Way_to_Say"", ""dateA"": ""2012-12-31"", ""tagB"": ""You_Took_the_Words_Right_Out_of_My_Mouth"", ""dateB"": ""2010-06-03"", ""maxKnowsLimit"": ""3""}",[],0.001091
bi16b,369,"{""tagA"": ""Transatlanticism"", ""dateA"": ""2012-12-27"", ""tagB"": ""Beatles_for_Sale"", ""dateB"": ""2010-10-12"", ""maxKnowsLimit"": ""6""}",[],0.001249
bi16b,370,"{""tagA"": ""Slovenia"", ""dateA"": ""2012-09-23"", ""tagB"": ""Lee_Hyung-taik"", ""dateB"": ""2011-02-09"", ""maxKnowsLimit"": ""6""}",[],0.005239
bi16b,371,"{""tagA"": ""Dry_Kids:_B-Sides_1997–2005"", ""dateA"": ""2012-12-03"", ""tagB"": ""Republic_of_New_Granada"", ""dateB"": ""2010-03-13"", ""maxKnowsLimit"": ""5""}",[],0.001581
bi16b,372,"{""tagA"": ""Moving_Violation"", ""dateA"": ""2012-12-26"", ""tagB"": ""Preflyte"", ""dateB"": ""2010-04-06"", ""maxKnowsLimit"": ""4""}",[],0.001202
bi16b,373,"{""tagA"": ""Hot_n_Cold"", ""dateA"": ""2012-12-25"", ""tagB"": ""Locked_Out"", ""dateB"": ""2011-01-24"", ""maxKnowsLimit"": ""3""}",[],0.001205
bi16b,374,"{""tagA"": ""Rule/Sparkle"", ""dateA"": ""2012-12-29"", ""tagB"": ""Cosmic_Egg"", ""dateB"": ""2010-06-16"", ""maxKnowsLimit"": ""6""}",[],0.001026
bi16b,375,"{""tagA"": ""Something_to_Remember"", ""dateA"": ""2012-12-31"", ""tagB"": ""MantaRay"", ""dateB"": ""2010-06-16"", ""maxKnowsLimit"": ""4""}",[],0.001214
bi16b,376,"{""tagA"": ""Linda_Ronstadt"", ""dateA"": ""2012-11-28"", ""tagB"": ""Beyond_My_Control"", ""dateB"": ""2011-04-14"", ""maxKnowsLimit"": ""4""}",[],0.003260
bi16b,377,"{""tagA"": ""Bob_Geldof"", ""dateA"": ""2012-12-08"", ""tagB"": ""Untitled_Korn_album"", ""dateB"": ""2010-07-16"", ""maxKnowsLimit"": ""3""}",[],0.001730
bi16b,378,"{""tagA"": ""Skin_and_Bones"", ""dateA"": ""2012-12-29"", ""tagB"": ""A.D.I.D.A.S."", ""dateB"": ""2010-09-10"", ""maxKnowsLimit"": ""4""}",[],0.001075
bi16b,379,"{""tagA"": ""Gold_Cobra"", ""dateA"": ""2012-12-26"", ""tagB"": ""Jack_Kerouac"", ""dateB"": ""2010-02-24"", ""maxKnowsLimit"": ""3""}",[],0.004291
bi16b,380,"{""tagA"": ""MantaRay"", ""dateA"": ""2012-12-29"", ""tagB"": ""WOW_Hits_2008"", ""dateB"": ""2011-04-14"", ""maxKnowsLimit"": ""3""}",[],0.001147
bi16b,381,"{""tagA"": ""Elvis_Presley"", ""dateA"": ""2012-10-19"", ""tagB"": ""Jacques_Chirac"", ""dateB"": ""2010-02-23"", ""maxKnowsLimit"": ""6""}",[],0.008999
bi16b,382,"{""tagA"": ""Locked_Out"", ""dateA"": ""2012-12-23"", ""tagB"": ""Pieces_of_a_Man"", ""dateB"": ""2010-01-31"", ""maxKnowsLimit"": ""4""}",[],0.001581
bi16b,383,"{""tagA"": ""Jerry_Lee_Lewis"", ""dateA"": ""2012-11-05"", ""tagB"": ""A.D.I.D.A.S."", ""dateB"": ""2010-09-10"", ""maxKnowsLimit"": ""6""}",[],0.003997
bi16b,384,"{""tagA"": ""No_Way_to_Say"", ""dateA"": ""2012-12-31"", ""tagB"": ""Glee:_The_Music,_Volume_6"", ""dateB"": ""2011-11-07"", ""maxKnowsLimit"": ""4""}",[],0.001258
bi16b,385,"{""tagA"": ""Jerry_Lee_Lewis"", ""dateA"": ""2012-11-05"", ""tagB"": ""Jeff_Kennett"", ""dateB"": ""2010-11-24"", ""maxKnowsLimit"": ""5""}",[],0.003282
bi16b,386,"{""tagA"": ""Seventh_Star"", ""dateA"": ""2012-12-30"", ""tagB"": ""Shepherd_Moons"", ""dateB"": ""2010-06-07"", ""maxKnowsLimit"": ""6""}",[],0.001295
bi16b,387,"{""tagA"": ""Peter_of_Castile"", ""dateA"": ""2012-10-08"", ""tagB"": ""Rani_Mukerji"", ""dateB"": ""2011-08-12"", ""maxKnowsLimit"": ""5""}",[],0.001300
bi16b,388,"{""tagA"": ""Aga_Khan_IV"", ""dateA"": ""2012-12-27"", ""tagB"": ""Fitzgerald_and_Pass..._Again"", ""dateB"": ""2010-05-27"", ""maxKnowsLimit"": ""4""}",[],0.001213
bi16b,389,"{""tagA"": ""Something_to_Remember"", ""dateA"": ""2012-12-31"", ""tagB"": ""Hot_n_Cold"", ""dateB"": ""2010-05-27"", ""maxKnowsLimit"": ""4""}",[],0.001587
bi16b,390,"{""tagA"": ""Transatlanticism"", ""dateA"": ""2012-12-27"", ""tagB"": ""Jerry_Lee_Lewis"", ""dateB"": ""2010-01-19"", ""maxKnowsLimit"": ""4""}",[],0.003572
bi16b,391,"{""tagA"": ""Something_to_Remember"", ""dateA"": ""2012-12-31"", ""tagB"": ""Beyond_My_Control"", ""dateB"": ""2011-04-14"", ""maxKnowsLimit"": ""5""}",[],0.001132
bi16b,392,"{""tagA"": ""Houses_of_the_Holy"", ""dateA"": ""2012-12-27"", ""tagB"": ""Catfights_and_Spotlights"", ""dateB"": ""2010-07-22"", ""maxKnowsLimit"": ""4""}",[],0.001097
bi16b,393,"{""tagA"": ""Something_to_Remember"", ""dateA"": ""2012-12-31"", ""tagB"": ""Disco_Duck"", ""dateB"": ""2010-06-09"", ""maxKnowsLimit"": ""5""}",[],0.001395
bi16b,394,"{""tagA"": ""Broken_Heels"", ""dateA"": ""2012-12-31"", ""tagB"": ""Hot_n_Cold"", ""dateB"": ""2010-05-27"", ""maxKnowsLimit"": ""4""}",[],0.001622
bi16b,395,"{""tagA"": ""Italo_Calvino"", ""dateA"": ""2012-12-19"", ""tagB"": ""I_Can_Hear_Music"", ""dateB"": ""2010-07-01"", ""maxKnowsLimit"": ""3""}",[],0.001248
bi16b,396,"{""tagA"": ""Dancing_Undercover"", ""dateA"": ""2012-12-30"", ""tagB"": ""I_Can_Hear_Music"", ""dateB"": ""2010-07-01"", ""maxKnowsLimit"": ""6""}",[],0.001054
bi16b,397,"{""tagA"": ""Jacques_Chirac"", ""dateA"": ""2012-10-23"", ""tagB"": ""Bulgaria"", ""dateB"": ""2010-02-24"", ""maxKnowsLimit"": ""3""}",[],59.959785
bi16b,398,"{""tagA"": ""World_of_Our_Own"", ""dateA"": ""2012-12-27"", ""tagB"": ""Dancing_Undercover"", ""dateB"": ""2010-10-12"", ""maxKnowsLimit"": ""6""}",[],0.002109
bi16b,399,"{""tagA"": ""Beyond_My_Control"", ""dateA"": ""2012-12-31"", ""tagB"": ""Rani_Mukerji"", ""dateB"": ""2011-08-12"", ""maxKnowsLimit"": ""5""}",[],0.001558
bi16b,400,"{""tagA"": ""Preflyte"", ""dateA"": ""2012-12-28"", ""tagB"": ""Party_in_the_U.S.A."", ""dateB"": ""2010-04-06"", ""maxKnowsLimit"": ""6""}",[],0.001814
